identifier,name,in_language,url,abstract,word_count,sections_count,citations_count,has_infobox,infobox_fields_count,categories,outgoing_links,referenceneed_flag,citation_density,structural_health,quality_tier
100000,Artificial Intelligence,en,https://en.wikipedia.org/wiki/Artificial_Intelligence,"Study of intelligent agents and machine cognition Comprehensive survey covering definitions, historical development, and research implications.",904,4,12,True,4,"['Science & Technology', 'Articles on Science']","['Game Theory', 'Silk Road', 'Byzantine Empire']",False,13.27,75.56,C Class
100001,Quantum Computing,en,https://en.wikipedia.org/wiki/Quantum_Computing,"Computation utilizing quantum mechanical phenomena Comprehensive survey covering definitions, historical development, and research implications.",1825,10,28,True,12,"['Science & Technology', 'Articles on Science', 'Open Source Tech Envoy Corpus']","['Postmodern Literature', 'Nile River Basin', 'Plate Tectonics', 'Film Noir', 'Surrealism', 'Bauhaus Movement']",False,15.34,97.39,B Class
100002,CRISPR Gene Editing,en,https://en.wikipedia.org/wiki/CRISPR_Gene_Editing,"Biotechnological molecular biology genetic editing tool Comprehensive survey covering definitions, historical development, and research implications.",147,1,1,False,0,"['Science & Technology', 'Articles on Science', 'Open Source Tech Envoy Corpus']","['Universal Declaration of Human Rights', 'Constitutional Law', 'Graphene']",True,6.8,36.94,Stub Class
100003,James Webb Space Telescope,en,https://en.wikipedia.org/wiki/James_Webb_Space_Telescope,"Premier infrared space observatory mission Comprehensive survey covering definitions, historical development, and research implications.",496,2,3,True,6,"['Science & Technology', 'Articles on Science']","['General Relativity', 'Space Race', 'Photosynthesis']",True,6.05,59.58,Start Class
100004,Thermodynamics,en,https://en.wikipedia.org/wiki/Thermodynamics,"Branch of physics dealing with heat and mechanical energy Comprehensive survey covering definitions, historical development, and research implications.",4042,10,37,True,22,"['Science & Technology', 'Articles on Science', 'Open Source Tech Envoy Corpus']","['General Relativity', 'Nile River Basin', 'Ancient Alexandria', 'Impressionism', 'Baroque Architecture', 'Harappan Civilization']",False,9.15,98.72,Good / Featured Article
100005,General Relativity,en,https://en.wikipedia.org/wiki/General_Relativity,"Geometric theory of gravitation published by Albert Einstein Comprehensive survey covering definitions, historical development, and research implications.",2250,7,25,True,13,"['Science & Technology', 'Articles on Science']","['Public Health', 'Microbiome', 'Photosynthesis', 'Space Race']",False,11.11,95.15,B Class
100006,Photosynthesis,en,https://en.wikipedia.org/wiki/Photosynthesis,"Biological process converting light energy into chemical energy Comprehensive survey covering definitions, historical development, and research implications.",1850,9,19,True,14,"['Science & Technology', 'Articles on Science', 'Open Source Tech Envoy Corpus']","['Silk Road', 'Bauhaus Movement', 'Classical Music', 'Surrealism', 'Thermodynamics', 'Postmodern Literature', 'Impressionism', 'Graphene']",False,10.27,93.86,B Class
100007,Superconductivity,en,https://en.wikipedia.org/wiki/Superconductivity,"Zero electrical resistance occurring in certain materials Comprehensive survey covering definitions, historical development, and research implications.",2424,9,24,True,12,"['Science & Technology', 'Articles on Science', 'Open Source Tech Envoy Corpus']","['Bauhaus Movement', 'Nile River Basin', 'Microbiome', 'Classical Music', 'Renaissance Humanism', 'Epistemology', 'James Webb Space Telescope', 'Sociology of Knowledge']",False,9.9,98.13,B Class
100008,Nanotechnology,en,https://en.wikipedia.org/wiki/Nanotechnology,"Manipulation of matter on an atomic and molecular scale Comprehensive survey covering definitions, historical development, and research implications.",3142,13,39,True,23,"['Science & Technology', 'Articles on Science', 'Open Source Tech Envoy Corpus']","['Film Noir', 'Renaissance Humanism', 'Dark Matter', 'Surrealism', 'Great Barrier Reef', 'Ottoman Empire', 'Constitutional Law']",False,12.41,100.0,Good / Featured Article
100009,Deep Learning,en,https://en.wikipedia.org/wiki/Deep_Learning,"Subset of machine learning based on artificial neural networks Comprehensive survey covering definitions, historical development, and research implications.",941,7,12,False,0,"['Science & Technology', 'Articles on Science']","['Game Theory', 'Renaissance Art', 'Mariana Trench', 'Ottoman Empire', 'Harappan Civilization']",False,12.75,62.77,C Class
100010,Graphene,en,https://en.wikipedia.org/wiki/Graphene,"Two-dimensional carbon allotrope with exceptional tensile strength Comprehensive survey covering definitions, historical development, and research implications.",3558,14,51,True,20,"['Science & Technology', 'Articles on Science', 'Open Source Tech Envoy Corpus']","['Behavioral Economics', 'Classical Music', 'Mariana Trench', 'Postmodern Literature', 'Thermodynamics', 'Space Race', 'Universal Declaration of Human Rights']",False,14.33,100.0,Good / Featured Article
100011,Higgs Boson,en,https://en.wikipedia.org/wiki/Higgs_Boson,"Elementary particle in the Standard Model of particle physics Comprehensive survey covering definitions, historical development, and research implications.",197,2,1,False,0,"['Science & Technology', 'Articles on Science', 'Open Source Tech Envoy Corpus']","['Classical Music', 'Kabuki Theatre', 'Superconductivity']",True,5.08,37.9,Stub Class
100012,Plate Tectonics,en,https://en.wikipedia.org/wiki/Plate_Tectonics,"Scientific theory explaining the dynamics of Earth's lithosphere Comprehensive survey covering definitions, historical development, and research implications.",908,5,8,False,0,"['Science & Technology', 'Articles on Science']","['Artificial Intelligence', 'Kabuki Theatre', 'Existentialism', 'Industrial Revolution', 'Lake Baikal', 'Universal Declaration of Human Rights']",True,8.81,58.4,C Class
100013,Dark Matter,en,https://en.wikipedia.org/wiki/Dark_Matter,"Hypothetical form of matter thought to account for 85% of matter Comprehensive survey covering definitions, historical development, and research implications.",1046,4,5,True,10,"['Science & Technology', 'Articles on Science']","['Mount Everest', 'Artificial Intelligence', 'Postmodern Literature', 'Renaissance Humanism', 'Great Barrier Reef', 'Quantum Computing', 'Superconductivity', 'Harappan Civilization', 'Magna Carta']",False,4.78,69.3,C Class
100014,Microbiome,en,https://en.wikipedia.org/wiki/Microbiome,"Aggregate of all microbiota residing on or within tissues Comprehensive survey covering definitions, historical development, and research implications.",428,4,2,False,0,"['Science & Technology', 'Articles on Science', 'Open Source Tech Envoy Corpus']","['Nanotechnology', 'Public Health', 'Homeric Epics', 'Ring of Fire', 'Nile River Basin', 'Graphene', 'Industrial Revolution', 'Mount Everest', 'Postmodern Literature']",True,4.67,45.96,Start Class
100015,Byzantine Empire,en,https://en.wikipedia.org/wiki/Byzantine_Empire,"Continuation of the Roman Empire in its eastern provinces Comprehensive survey covering definitions, historical development, and research implications.",2134,9,11,False,0,"['History & Civilizations', 'Articles on History']","['Harappan Civilization', 'Amazon Rainforest', 'Mount Everest', 'Existentialism', 'Superconductivity', 'Microbiome', 'Thermodynamics']",False,5.15,59.2,C Class
100016,Industrial Revolution,en,https://en.wikipedia.org/wiki/Industrial_Revolution,"Transition to new manufacturing processes in Europe and US Comprehensive survey covering definitions, historical development, and research implications.",2527,8,15,True,9,"['History & Civilizations', 'Articles on History']","['Film Noir', 'Impressionism', 'James Webb Space Telescope']",False,5.94,83.68,B Class
100017,Silk Road,en,https://en.wikipedia.org/wiki/Silk_Road,"Historic network of Eurasian trade routes connecting East and West Comprehensive survey covering definitions, historical development, and research implications.",1384,5,11,True,10,"['History & Civilizations', 'Articles on History', 'Open Source Tech Envoy Corpus']","['Homeric Epics', 'Great Barrier Reef', 'Dark Matter', 'Galapagos Islands', 'Nanotechnology']",False,7.95,84.46,C Class
100018,Ancient Alexandria,en,https://en.wikipedia.org/wiki/Ancient_Alexandria,"Major Hellenistic center of commerce and scholarship in Egypt Comprehensive survey covering definitions, historical development, and research implications.",3923,10,38,True,18,"['History & Civilizations', 'Articles on History', 'Open Source Tech Envoy Corpus']","['Mariana Trench', 'French Revolution', 'Public Health', 'Mesopotamia', 'Sahara Desert', 'Kabuki Theatre', 'James Webb Space Telescope', 'Classical Music']",False,9.69,99.53,Good / Featured Article
100019,Magna Carta,en,https://en.wikipedia.org/wiki/Magna_Carta,"Royal charter of rights agreed to by King John of England Comprehensive survey covering definitions, historical development, and research implications.",447,3,1,True,6,"['History & Civilizations', 'Articles on History']","['Photosynthesis', 'Byzantine Empire', 'Plate Tectonics', 'Sociology of Knowledge', 'Galapagos Islands', 'Amazon Rainforest', 'Nanotechnology', 'Mariana Trench', 'Higgs Boson']",True,2.24,54.11,Start Class
100020,Renaissance Humanism,en,https://en.wikipedia.org/wiki/Renaissance_Humanism,"Intellectual movement originating in 14th-century Italy Comprehensive survey covering definitions, historical development, and research implications.",3037,16,62,True,12,"['History & Civilizations', 'Articles on History', 'Open Source Tech Envoy Corpus']","['Galapagos Islands', 'Existentialism', 'Artificial Intelligence', 'General Relativity', 'Universal Declaration of Human Rights', 'Byzantine Empire', 'Graphene', 'Mesopotamia']",False,20.41,100.0,Good / Featured Article
100021,Meiji Restoration,en,https://en.wikipedia.org/wiki/Meiji_Restoration,"Political event that restored practical imperial rule to Japan Comprehensive survey covering definitions, historical development, and research implications.",1892,11,27,True,16,"['History & Civilizations', 'Articles on History', 'Open Source Tech Envoy Corpus']","['Space Race', 'Industrial Revolution', 'Behavioral Economics']",False,14.27,97.58,B Class
100022,French Revolution,en,https://en.wikipedia.org/wiki/French_Revolution,"Period of radical political and societal change in France Comprehensive survey covering definitions, historical development, and research implications.",351,2,3,False,0,"['History & Civilizations', 'Articles on History', 'Open Source Tech Envoy Corpus']","['Deep Learning', 'Plate Tectonics', 'Ancient Alexandria', 'Dark Matter', 'James Webb Space Telescope', 'Renaissance Art']",True,8.55,47.34,Start Class
100023,Harappan Civilization,en,https://en.wikipedia.org/wiki/Harappan_Civilization,"Bronze Age civilization in the northwestern regions of South Asia Comprehensive survey covering definitions, historical development, and research implications.",1040,4,10,True,8,"['History & Civilizations', 'Articles on History', 'Open Source Tech Envoy Corpus']","['Mount Everest', 'Graphene', 'James Webb Space Telescope', 'Lake Baikal', 'General Relativity', 'Higgs Boson', 'Thermodynamics', 'Postmodern Literature', 'Universal Declaration of Human Rights']",False,9.62,82.86,C Class
100024,Space Race,en,https://en.wikipedia.org/wiki/Space_Race,"20th-century competition between Soviet Union and United States Comprehensive survey covering definitions, historical development, and research implications.",1009,5,9,False,0,"['History & Civilizations', 'Articles on History', 'Open Source Tech Envoy Corpus']","['General Relativity', 'Mesopotamia', 'Homeric Epics', 'Renaissance Art', 'Antarctic Ice Sheet', 'Mount Everest', 'Renaissance Humanism']",False,8.92,63.05,C Class
100025,Ottoman Empire,en,https://en.wikipedia.org/wiki/Ottoman_Empire,"Imperial realm controlling much of Southeast Europe and Western Asia Comprehensive survey covering definitions, historical development, and research implications.",902,5,5,True,5,"['History & Civilizations', 'Articles on History', 'Open Source Tech Envoy Corpus']","['Renaissance Humanism', 'Universal Declaration of Human Rights', 'Thermodynamics', 'Artificial Intelligence', 'Sahara Desert', 'Baroque Architecture']",True,5.54,71.24,C Class
100026,Mesopotamia,en,https://en.wikipedia.org/wiki/Mesopotamia,"Historical region of Western Asia situated within the Tigris–Euphrates Comprehensive survey covering definitions, historical development, and research implications.",240,1,1,False,0,"['History & Civilizations', 'Articles on History', 'Open Source Tech Envoy Corpus']","['Harappan Civilization', 'Ancient Alexandria', 'Graphene', 'Amazon Rainforest']",True,4.17,35.57,Stub Class
100027,Mariana Trench,en,https://en.wikipedia.org/wiki/Mariana_Trench,"Deepest oceanic trench on Earth located in western Pacific Comprehensive survey covering definitions, historical development, and research implications.",1419,6,7,False,0,"['Geography & Earth', 'Articles on Geography']","['Photosynthesis', 'Nanotechnology', 'Industrial Revolution', 'Superconductivity', 'Public Health', 'Game Theory', 'Nile River Basin', 'Deep Learning']",False,4.93,54.33,C Class
100028,Amazon Rainforest,en,https://en.wikipedia.org/wiki/Amazon_Rainforest,"Moist broadleaf tropical rainforest in the Amazon basin Comprehensive survey covering definitions, historical development, and research implications.",1941,11,18,True,12,"['Geography & Earth', 'Articles on Geography']","['Industrial Revolution', 'James Webb Space Telescope', 'General Relativity', 'Impressionism', 'Mariana Trench', 'Silk Road']",False,9.27,89.08,B Class
100029,Sahara Desert,en,https://en.wikipedia.org/wiki/Sahara_Desert,"Largest hot desert in the world covering North Africa Comprehensive survey covering definitions, historical development, and research implications.",2504,10,18,True,8,"['Geography & Earth', 'Articles on Geography']","['Nile River Basin', 'Film Noir', 'Mariana Trench', 'Public Health', 'Artificial Intelligence', 'Superconductivity']",False,7.19,87.3,B Class
100030,Ring of Fire,en,https://en.wikipedia.org/wiki/Ring_of_Fire,"Major area in the basin of the Pacific Ocean where earthquakes occur Comprehensive survey covering definitions, historical development, and research implications.",263,2,0,False,0,"['Geography & Earth', 'Articles on Geography', 'Open Source Tech Envoy Corpus']","['Nile River Basin', 'Deep Learning', 'Mariana Trench', 'Nanotechnology', 'CRISPR Gene Editing', 'Magna Carta', 'Harappan Civilization']",True,0.0,31.2,Stub Class
100031,Great Barrier Reef,en,https://en.wikipedia.org/wiki/Great_Barrier_Reef,"World's largest coral reef system off Queensland, Australia Comprehensive survey covering definitions, historical development, and research implications.",2016,7,18,True,10,"['Geography & Earth', 'Articles on Geography', 'Open Source Tech Envoy Corpus']","['French Revolution', 'Epistemology', 'Nile River Basin']",False,8.93,92.11,B Class
100032,Lake Baikal,en,https://en.wikipedia.org/wiki/Lake_Baikal,"Ancient, massive lake in mountainous Russian region of Siberia Comprehensive survey covering definitions, historical development, and research implications.",1221,5,14,False,0,"['Geography & Earth', 'Articles on Geography']","['Higgs Boson', 'Mesopotamia', 'Quantum Computing', 'Public Health', 'Game Theory', 'Meiji Restoration', 'Existentialism', 'Homeric Epics', 'Byzantine Empire']",False,11.47,65.34,C Class
100033,Mount Everest,en,https://en.wikipedia.org/wiki/Mount_Everest,"Earth's highest mountain above sea level in Mahalangur Himal Comprehensive survey covering definitions, historical development, and research implications.",263,1,0,False,0,"['Geography & Earth', 'Articles on Geography']","['Plate Tectonics', 'Sociology of Knowledge', 'Sahara Desert', 'French Revolution']",True,0.0,25.86,Stub Class
100034,Galapagos Islands,en,https://en.wikipedia.org/wiki/Galapagos_Islands,"Volcanic archipelago in Pacific Ocean known for endemic species Comprehensive survey covering definitions, historical development, and research implications.",2295,6,24,True,9,"['Geography & Earth', 'Articles on Geography', 'Open Source Tech Envoy Corpus']","['Silk Road', 'Thermodynamics', 'Epistemology', 'French Revolution', 'Surrealism']",False,10.46,97.99,B Class
100035,Nile River Basin,en,https://en.wikipedia.org/wiki/Nile_River_Basin,"Major north-flowing river drainage system in northeastern Africa Comprehensive survey covering definitions, historical development, and research implications.",148,2,2,False,0,"['Geography & Earth', 'Articles on Geography', 'Open Source Tech Envoy Corpus']","['Higgs Boson', 'Renaissance Art', 'Industrial Revolution', 'CRISPR Gene Editing', 'Photosynthesis']",True,13.51,44.37,Stub Class
100036,Antarctic Ice Sheet,en,https://en.wikipedia.org/wiki/Antarctic_Ice_Sheet,"Single largest mass of ice on Earth covering Antarctica Comprehensive survey covering definitions, historical development, and research implications.",1893,9,8,False,0,"['Geography & Earth', 'Articles on Geography']","['Space Race', 'Plate Tectonics']",False,4.23,55.39,C Class
100037,Renaissance Art,en,https://en.wikipedia.org/wiki/Renaissance_Art,"Painting, sculpture, and decorative arts of European Renaissance Comprehensive survey covering definitions, historical development, and research implications.",2560,9,1,True,8,"['Literature & Arts', 'Articles on Literature', 'Open Source Tech Envoy Corpus']","['Classical Music', 'Kabuki Theatre', 'Game Theory', 'Sociology of Knowledge', 'Homeric Epics', 'Plate Tectonics', 'Harappan Civilization']",True,0.39,70.35,Start Class
100038,Postmodern Literature,en,https://en.wikipedia.org/wiki/Postmodern_Literature,"Form of literature characterized by reliance on meta-fiction Comprehensive survey covering definitions, historical development, and research implications.",529,3,3,True,6,"['Literature & Arts', 'Articles on Literature']","['Kabuki Theatre', 'Magna Carta', 'Lake Baikal']",True,5.67,61.35,Start Class
100039,Baroque Architecture,en,https://en.wikipedia.org/wiki/Baroque_Architecture,"Highly decorative and theatrical style of building in Europe Comprehensive survey covering definitions, historical development, and research implications.",3431,10,52,True,16,"['Literature & Arts', 'Articles on Literature', 'Open Source Tech Envoy Corpus']","['Homeric Epics', 'Space Race', 'Classical Music', 'Game Theory', 'Higgs Boson']",False,15.16,100.0,Good / Featured Article
100040,Impressionism,en,https://en.wikipedia.org/wiki/Impressionism,"19th-century art movement characterized by visible brush strokes Comprehensive survey covering definitions, historical development, and research implications.",2291,10,20,True,15,"['Literature & Arts', 'Articles on Literature', 'Open Source Tech Envoy Corpus']","['Behavioral Economics', 'Renaissance Art', 'Postmodern Literature', 'Surrealism', 'Renaissance Humanism', 'Sahara Desert']",False,8.73,93.68,B Class
100041,Surrealism,en,https://en.wikipedia.org/wiki/Surrealism,"Cultural movement beginning in 1920s depicting unnerving scenes Comprehensive survey covering definitions, historical development, and research implications.",739,4,2,False,0,"['Literature & Arts', 'Articles on Literature']","['Game Theory', 'Graphene', 'Homeric Epics', 'General Relativity', 'Ancient Alexandria', 'Lake Baikal', 'Sociology of Knowledge', 'Impressionism', 'Baroque Architecture']",True,2.71,42.56,Start Class
100042,Homeric Epics,en,https://en.wikipedia.org/wiki/Homeric_Epics,"Ancient Greek epic poems attributed to Homer: Iliad and Odyssey Comprehensive survey covering definitions, historical development, and research implications.",256,2,0,False,0,"['Literature & Arts', 'Articles on Literature', 'Open Source Tech Envoy Corpus']","['Quantum Computing', 'CRISPR Gene Editing', 'Byzantine Empire', 'Ring of Fire']",True,0.0,31.06,Stub Class
100043,Classical Music,en,https://en.wikipedia.org/wiki/Classical_Music,"Art music produced in the traditions of Western culture Comprehensive survey covering definitions, historical development, and research implications.",951,4,4,True,5,"['Literature & Arts', 'Articles on Literature']","['Film Noir', 'Bauhaus Movement', 'Space Race', 'Great Barrier Reef']",False,4.21,63.59,C Class
100044,Bauhaus Movement,en,https://en.wikipedia.org/wiki/Bauhaus_Movement,"German art school operational from 1919 to 1933 combining crafts Comprehensive survey covering definitions, historical development, and research implications.",2087,9,16,False,0,"['Literature & Arts', 'Articles on Literature', 'Open Source Tech Envoy Corpus']","['Sahara Desert', 'James Webb Space Telescope', 'Nile River Basin', 'Byzantine Empire', 'Superconductivity', 'Public Health', 'Nanotechnology']",False,7.67,69.2,C Class
100045,Film Noir,en,https://en.wikipedia.org/wiki/Film_Noir,"Cinematic term used primarily to describe stylish Hollywood crime dramas Comprehensive survey covering definitions, historical development, and research implications.",2086,8,28,True,11,"['Literature & Arts', 'Articles on Literature', 'Open Source Tech Envoy Corpus']","['Amazon Rainforest', 'Baroque Architecture', 'Sociology of Knowledge', 'Kabuki Theatre', 'Lake Baikal', 'Mariana Trench', 'Nile River Basin', 'Public Health', 'Graphene']",False,13.42,98.09,B Class
100046,Kabuki Theatre,en,https://en.wikipedia.org/wiki/Kabuki_Theatre,"Classical Japanese dance-drama known for stylized drama and makeup Comprehensive survey covering definitions, historical development, and research implications.",79,2,2,False,0,"['Literature & Arts', 'Articles on Literature']","['Epistemology', 'Mount Everest', 'Great Barrier Reef', 'Impressionism', 'Byzantine Empire']",True,25.32,37.74,Stub Class
100047,Game Theory,en,https://en.wikipedia.org/wiki/Game_Theory,"Mathematical study of strategic interaction among rational agents Comprehensive survey covering definitions, historical development, and research implications.",1665,9,27,True,13,"['Social Sciences & Philosophy', 'Articles on Social Sciences', 'Open Source Tech Envoy Corpus']","['General Relativity', 'Nanotechnology', 'Deep Learning', 'Microbiome', 'Space Race', 'Bauhaus Movement', 'Sociology of Knowledge']",False,16.22,96.9,B Class
100048,Universal Declaration of Human Rights,en,https://en.wikipedia.org/wiki/Universal_Declaration_of_Human_Rights,"Milestone document in history of human rights Comprehensive survey covering definitions, historical development, and research implications.",820,7,10,False,0,"['Social Sciences & Philosophy', 'Articles on Social Sciences', 'Open Source Tech Envoy Corpus']","['James Webb Space Telescope', 'Dark Matter', 'Mesopotamia', 'Space Race', 'Epistemology', 'Renaissance Art']",False,12.2,64.18,C Class
100049,Epistemology,en,https://en.wikipedia.org/wiki/Epistemology,"Branch of philosophy concerned with nature and scope of knowledge Comprehensive survey covering definitions, historical development, and research implications.",543,2,4,False,0,"['Social Sciences & Philosophy', 'Articles on Social Sciences']","['Existentialism', 'Mesopotamia', 'Galapagos Islands', 'Game Theory', 'Constitutional Law', 'Sociology of Knowledge', 'Postmodern Literature', 'Microbiome', 'Great Barrier Reef']",True,7.37,45.13,Start Class
100050,Behavioral Economics,en,https://en.wikipedia.org/wiki/Behavioral_Economics,"Effects of psychological and social factors on economic decisions Comprehensive survey covering definitions, historical development, and research implications.",659,2,1,True,3,"['Social Sciences & Philosophy', 'Articles on Social Sciences', 'Open Source Tech Envoy Corpus']","['Ottoman Empire', 'Kabuki Theatre', 'Graphene', 'Sahara Desert', 'Nanotechnology', 'Baroque Architecture', 'Galapagos Islands', 'Quantum Computing', 'Public Health']",True,1.52,52.66,Start Class
100051,Constitutional Law,en,https://en.wikipedia.org/wiki/Constitutional_Law,"Body of law defining the role and powers of different entities Comprehensive survey covering definitions, historical development, and research implications.",143,2,1,False,0,"['Social Sciences & Philosophy', 'Articles on Social Sciences']","['James Webb Space Telescope', 'Industrial Revolution', 'Space Race', 'Renaissance Humanism']",True,6.99,35.74,Stub Class
100052,Sociology of Knowledge,en,https://en.wikipedia.org/wiki/Sociology_of_Knowledge,"Study of relationship between human thought and social context Comprehensive survey covering definitions, historical development, and research implications.",1716,5,11,False,0,"['Social Sciences & Philosophy', 'Articles on Social Sciences', 'Open Source Tech Envoy Corpus']","['Industrial Revolution', 'Existentialism', 'General Relativity', 'Ring of Fire', 'Quantum Computing', 'Game Theory']",False,6.41,63.28,C Class
100053,Existentialism,en,https://en.wikipedia.org/wiki/Existentialism,"Philosophical inquiry that explores the problem of human existence Comprehensive survey covering definitions, historical development, and research implications.",562,4,1,True,5,"['Social Sciences & Philosophy', 'Articles on Social Sciences']","['CRISPR Gene Editing', 'Universal Declaration of Human Rights', 'Quantum Computing', 'Byzantine Empire', 'Plate Tectonics', 'Sociology of Knowledge', 'Baroque Architecture', 'Deep Learning']",True,1.78,55.38,Start Class
100054,Public Health,en,https://en.wikipedia.org/wiki/Public_Health,"Science and art of preventing disease and promoting health Comprehensive survey covering definitions, historical development, and research implications.",333,4,3,True,5,"['Social Sciences & Philosophy', 'Articles on Social Sciences']","['Harappan Civilization', 'Graphene', 'Postmodern Literature', 'Sociology of Knowledge', 'Game Theory', 'Film Noir', 'Superconductivity', 'Existentialism', 'Magna Carta']",True,9.01,64.67,Start Class
100055,Foundations of Ottoman Empire,en,https://en.wikipedia.org/wiki/Foundations_of_Ottoman_Empire,"An encyclopedic inquiry into imperial realm controlling much of southeast europe and western asia. Comprehensive survey covering definitions, historical development, and research implications.",2214,10,17,True,8,"['History & Civilizations', 'Articles on History', 'Open Source Tech Envoy Corpus']","['Bauhaus Movement', 'Existentialism', 'Impressionism', 'Byzantine Empire', 'Photosynthesis', 'Public Health', 'Magna Carta']",False,7.68,90.12,B Class
100056,Regional Study on French Revolution,en,https://en.wikipedia.org/wiki/Regional_Study_on_French_Revolution,"An encyclopedic inquiry into period of radical political and societal change in france. Comprehensive survey covering definitions, historical development, and research implications.",1301,7,5,True,9,"['History & Civilizations', 'Articles on History', 'Open Source Tech Envoy Corpus']","['Thermodynamics', 'Lake Baikal', 'Surrealism', 'Meiji Restoration', 'Artificial Intelligence']",True,3.84,74.37,C Class
100057,Foundations of Sahara Desert,en,https://en.wikipedia.org/wiki/Foundations_of_Sahara_Desert,"An encyclopedic inquiry into largest hot desert in the world covering north africa. Comprehensive survey covering definitions, historical development, and research implications.",2541,9,29,True,14,"['Geography & Earth', 'Articles on Geography', 'Open Source Tech Envoy Corpus']","['Kabuki Theatre', 'Mount Everest', 'Surrealism', 'Silk Road']",False,11.41,99.13,Good / Featured Article
100058,Foundations of Sociology of Knowledge,en,https://en.wikipedia.org/wiki/Foundations_of_Sociology_of_Knowledge,"An encyclopedic inquiry into study of relationship between human thought and social context. Comprehensive survey covering definitions, historical development, and research implications.",1049,7,11,True,7,"['Social Sciences & Philosophy', 'Articles on Social Sciences', 'Open Source Tech Envoy Corpus']","['Public Health', 'Byzantine Empire', 'Existentialism', 'General Relativity', 'Silk Road']",True,10.49,84.82,C Class
100059,Critique of Higgs Boson,en,https://en.wikipedia.org/wiki/Critique_of_Higgs_Boson,"An encyclopedic inquiry into elementary particle in the standard model of particle physics. Comprehensive survey covering definitions, historical development, and research implications.",1687,11,21,True,14,"['Science & Technology', 'Articles on Science', 'Open Source Tech Envoy Corpus']","['Industrial Revolution', 'Meiji Restoration', 'Silk Road', 'Postmodern Literature', 'Bauhaus Movement', 'Sociology of Knowledge', 'Nile River Basin', 'Artificial Intelligence', 'Mount Everest']",False,12.45,94.57,B Class
100060,Regional Study on Great Barrier Reef,en,https://en.wikipedia.org/wiki/Regional_Study_on_Great_Barrier_Reef,"An encyclopedic inquiry into world's largest coral reef system off queensland, australia. Comprehensive survey covering definitions, historical development, and research implications.",674,3,2,True,4,"['Geography & Earth', 'Articles on Geography']","['Ring of Fire', 'Surrealism', 'Film Noir', 'Great Barrier Reef', 'Amazon Rainforest', 'Quantum Computing', 'General Relativity', 'Ancient Alexandria']",True,2.97,55.47,Start Class
100061,Regional Study on Ring of Fire,en,https://en.wikipedia.org/wiki/Regional_Study_on_Ring_of_Fire,"An encyclopedic inquiry into major area in the basin of the pacific ocean where earthquakes occur. Comprehensive survey covering definitions, historical development, and research implications.",1057,4,7,True,6,"['Geography & Earth', 'Articles on Geography']","['Game Theory', 'Nile River Basin', 'Meiji Restoration', 'French Revolution', 'Bauhaus Movement', 'Sahara Desert']",False,6.62,70.81,C Class
100062,Foundations of Galapagos Islands,en,https://en.wikipedia.org/wiki/Foundations_of_Galapagos_Islands,"An encyclopedic inquiry into volcanic archipelago in pacific ocean known for endemic species. Comprehensive survey covering definitions, historical development, and research implications.",2378,10,30,True,12,"['Geography & Earth', 'Articles on Geography', 'Open Source Tech Envoy Corpus']","['Game Theory', 'Ring of Fire', 'Silk Road', 'Kabuki Theatre']",False,12.62,98.78,B Class
100063,Applications of Photosynthesis,en,https://en.wikipedia.org/wiki/Applications_of_Photosynthesis,"An encyclopedic inquiry into biological process converting light energy into chemical energy. Comprehensive survey covering definitions, historical development, and research implications.",1646,10,15,True,12,"['Science & Technology', 'Articles on Science']","['Higgs Boson', 'Magna Carta', 'Artificial Intelligence', 'Film Noir', 'Galapagos Islands']",False,9.11,86.18,B Class
100064,Introduction to Bauhaus Movement,en,https://en.wikipedia.org/wiki/Introduction_to_Bauhaus_Movement,"An encyclopedic inquiry into german art school operational from 1919 to 1933 combining crafts. Comprehensive survey covering definitions, historical development, and research implications.",346,3,3,False,0,"['Literature & Arts', 'Articles on Literature']","['Great Barrier Reef', 'Photosynthesis', 'Artificial Intelligence', 'Antarctic Ice Sheet', 'Ancient Alexandria', 'Ring of Fire', 'Epistemology', 'Amazon Rainforest', 'Meiji Restoration']",True,8.67,46.11,Start Class
100065,Advanced Thermodynamics,en,https://en.wikipedia.org/wiki/Advanced_Thermodynamics,"An encyclopedic inquiry into branch of physics dealing with heat and mechanical energy. Comprehensive survey covering definitions, historical development, and research implications.",1054,7,5,True,10,"['Science & Technology', 'Articles on Science']","['Impressionism', 'Classical Music', 'James Webb Space Telescope', 'Deep Learning', 'Constitutional Law', 'Antarctic Ice Sheet', 'Magna Carta']",False,4.74,71.28,C Class
100066,Regional Study on Epistemology,en,https://en.wikipedia.org/wiki/Regional_Study_on_Epistemology,"An encyclopedic inquiry into branch of philosophy concerned with nature and scope of knowledge. Comprehensive survey covering definitions, historical development, and research implications.",901,5,7,False,0,"['Social Sciences & Philosophy', 'Articles on Social Sciences']","['Magna Carta', 'Renaissance Art', 'Mariana Trench', 'Public Health', 'Antarctic Ice Sheet', 'Baroque Architecture']",False,7.77,56.2,C Class
100067,Introduction to Byzantine Empire,en,https://en.wikipedia.org/wiki/Introduction_to_Byzantine_Empire,"An encyclopedic inquiry into continuation of the roman empire in its eastern provinces. Comprehensive survey covering definitions, historical development, and research implications.",1098,5,4,False,0,"['History & Civilizations', 'Articles on History', 'Open Source Tech Envoy Corpus']","['Artificial Intelligence', 'Mesopotamia', 'Amazon Rainforest', 'Bauhaus Movement']",False,3.64,52.57,C Class
100068,Philosophy of Sahara Desert,en,https://en.wikipedia.org/wiki/Philosophy_of_Sahara_Desert,"An encyclopedic inquiry into largest hot desert in the world covering north africa. Comprehensive survey covering definitions, historical development, and research implications.",537,4,1,False,0,"['Geography & Earth', 'Articles on Geography', 'Open Source Tech Envoy Corpus']","['Behavioral Economics', 'Impressionism', 'Renaissance Art', 'Homeric Epics', 'Constitutional Law']",True,1.86,42.34,Start Class
100069,Principles of Deep Learning,en,https://en.wikipedia.org/wiki/Principles_of_Deep_Learning,"An encyclopedic inquiry into subset of machine learning based on artificial neural networks. Comprehensive survey covering definitions, historical development, and research implications.",251,2,2,False,0,"['Science & Technology', 'Articles on Science']","['James Webb Space Telescope', 'Graphene', 'Behavioral Economics']",True,7.97,40.77,Stub Class
100070,Foundations of Sahara Desert (Vol. 1),en,https://en.wikipedia.org/wiki/Foundations_of_Sahara_Desert_(Vol._1),"An encyclopedic inquiry into largest hot desert in the world covering north africa. Comprehensive survey covering definitions, historical development, and research implications.",1242,6,9,False,0,"['Geography & Earth', 'Articles on Geography', 'Open Source Tech Envoy Corpus']","['Silk Road', 'Lake Baikal', 'Galapagos Islands', 'Great Barrier Reef', 'Amazon Rainforest', 'General Relativity']",False,7.25,61.64,C Class
100071,Global Impact of Classical Music,en,https://en.wikipedia.org/wiki/Global_Impact_of_Classical_Music,"An encyclopedic inquiry into art music produced in the traditions of western culture. Comprehensive survey covering definitions, historical development, and research implications.",841,7,6,True,7,"['Literature & Arts', 'Articles on Literature']","['Universal Declaration of Human Rights', 'Classical Music', 'Sociology of Knowledge']",True,7.13,73.02,C Class
100072,Global Impact of Higgs Boson,en,https://en.wikipedia.org/wiki/Global_Impact_of_Higgs_Boson,"An encyclopedic inquiry into elementary particle in the standard model of particle physics. Comprehensive survey covering definitions, historical development, and research implications.",1137,7,10,False,0,"['Science & Technology', 'Articles on Science', 'Open Source Tech Envoy Corpus']","['Great Barrier Reef', 'General Relativity', 'Ring of Fire', 'French Revolution', 'Mesopotamia', 'Meiji Restoration', 'Renaissance Humanism', 'Homeric Epics', 'Photosynthesis']",True,8.8,64.1,C Class
100073,Regional Study on Sociology of Knowledge,en,https://en.wikipedia.org/wiki/Regional_Study_on_Sociology_of_Knowledge,"An encyclopedic inquiry into study of relationship between human thought and social context. Comprehensive survey covering definitions, historical development, and research implications.",3427,18,62,True,25,"['Social Sciences & Philosophy', 'Articles on Social Sciences', 'Open Source Tech Envoy Corpus']","['Renaissance Humanism', 'Industrial Revolution', 'Superconductivity']",False,18.09,100.0,Good / Featured Article
100074,Future Trends in Artificial Intelligence,en,https://en.wikipedia.org/wiki/Future_Trends_in_Artificial_Intelligence,"An encyclopedic inquiry into study of intelligent agents and machine cognition. Comprehensive survey covering definitions, historical development, and research implications.",220,1,1,False,0,"['Science & Technology', 'Articles on Science', 'Open Source Tech Envoy Corpus']","['Mesopotamia', 'James Webb Space Telescope', 'Plate Tectonics', 'Mount Everest', 'Harappan Civilization', 'Baroque Architecture']",True,4.55,35.68,Stub Class
100075,Introduction to Nile River Basin,en,https://en.wikipedia.org/wiki/Introduction_to_Nile_River_Basin,"An encyclopedic inquiry into major north-flowing river drainage system in northeastern africa. Comprehensive survey covering definitions, historical development, and research implications.",2653,7,0,True,10,"['Geography & Earth', 'Articles on Geography', 'Open Source Tech Envoy Corpus']","['Bauhaus Movement', 'Great Barrier Reef', 'Superconductivity', 'Quantum Computing', 'Impressionism', 'Postmodern Literature']",True,0.0,69.35,Start Class
100076,Regional Study on Artificial Intelligence,en,https://en.wikipedia.org/wiki/Regional_Study_on_Artificial_Intelligence,"An encyclopedic inquiry into study of intelligent agents and machine cognition. Comprehensive survey covering definitions, historical development, and research implications.",1310,6,8,True,7,"['Science & Technology', 'Articles on Science', 'Open Source Tech Envoy Corpus']","['Existentialism', 'Superconductivity', 'Sahara Desert', 'Surrealism']",True,6.11,78.36,C Class
100077,Critique of Byzantine Empire,en,https://en.wikipedia.org/wiki/Critique_of_Byzantine_Empire,"An encyclopedic inquiry into continuation of the roman empire in its eastern provinces. Comprehensive survey covering definitions, historical development, and research implications.",1224,6,9,True,6,"['History & Civilizations', 'Articles on History']","['Plate Tectonics', 'Postmodern Literature', 'Lake Baikal', 'Game Theory', 'Nanotechnology', 'Thermodynamics']",True,7.35,75.88,C Class
100078,Global Impact of Existentialism,en,https://en.wikipedia.org/wiki/Global_Impact_of_Existentialism,"An encyclopedic inquiry into philosophical inquiry that explores the problem of human existence. Comprehensive survey covering definitions, historical development, and research implications.",1186,6,11,True,9,"['Social Sciences & Philosophy', 'Articles on Social Sciences', 'Open Source Tech Envoy Corpus']","['Great Barrier Reef', 'Deep Learning', 'Amazon Rainforest', 'Galapagos Islands', 'Ring of Fire', 'French Revolution', 'Meiji Restoration', 'Nile River Basin']",False,9.27,85.63,C Class
100079,Applications of Space Race,en,https://en.wikipedia.org/wiki/Applications_of_Space_Race,"An encyclopedic inquiry into 20th-century competition between soviet union and united states. Comprehensive survey covering definitions, historical development, and research implications.",229,1,2,False,0,"['History & Civilizations', 'Articles on History']","['CRISPR Gene Editing', 'Renaissance Humanism', 'Game Theory', 'Ring of Fire', 'Film Noir', 'Space Race']",True,8.73,39.43,Stub Class
100080,Introduction to CRISPR Gene Editing,en,https://en.wikipedia.org/wiki/Introduction_to_CRISPR_Gene_Editing,"An encyclopedic inquiry into biotechnological molecular biology genetic editing tool. Comprehensive survey covering definitions, historical development, and research implications.",1219,4,6,True,6,"['Science & Technology', 'Articles on Science', 'Open Source Tech Envoy Corpus']","['Meiji Restoration', 'Photosynthesis', 'Amazon Rainforest', 'Existentialism', 'Mount Everest', 'Sahara Desert', 'Artificial Intelligence']",False,4.92,71.74,C Class
100081,Advanced Bauhaus Movement,en,https://en.wikipedia.org/wiki/Advanced_Bauhaus_Movement,"An encyclopedic inquiry into german art school operational from 1919 to 1933 combining crafts. Comprehensive survey covering definitions, historical development, and research implications.",355,4,2,True,4,"['Literature & Arts', 'Articles on Literature']","['Meiji Restoration', 'Classical Music', 'Galapagos Islands', 'Space Race', 'Renaissance Humanism', 'Impressionism', 'Film Noir', 'Great Barrier Reef', 'Sociology of Knowledge']",True,5.63,58.09,Start Class
100082,Foundations of Microbiome,en,https://en.wikipedia.org/wiki/Foundations_of_Microbiome,"An encyclopedic inquiry into aggregate of all microbiota residing on or within tissues. Comprehensive survey covering definitions, historical development, and research implications.",3508,14,40,True,12,"['Science & Technology', 'Articles on Science', 'Open Source Tech Envoy Corpus']","['Universal Declaration of Human Rights', 'Impressionism', 'Film Noir']",False,11.4,100.0,Good / Featured Article
100083,Contemporary CRISPR Gene Editing,en,https://en.wikipedia.org/wiki/Contemporary_CRISPR_Gene_Editing,"An encyclopedic inquiry into biotechnological molecular biology genetic editing tool. Comprehensive survey covering definitions, historical development, and research implications.",609,2,2,False,0,"['Science & Technology', 'Articles on Science', 'Open Source Tech Envoy Corpus']","['French Revolution', 'Harappan Civilization', 'Mariana Trench', 'Deep Learning', 'Byzantine Empire']",True,3.28,41.73,Start Class
100084,Advanced Baroque Architecture,en,https://en.wikipedia.org/wiki/Advanced_Baroque_Architecture,"An encyclopedic inquiry into highly decorative and theatrical style of building in europe. Comprehensive survey covering definitions, historical development, and research implications.",450,3,4,True,5,"['Literature & Arts', 'Articles on Literature', 'Open Source Tech Envoy Corpus']","['Great Barrier Reef', 'Renaissance Art', 'Deep Learning', 'Microbiome']",True,8.89,68.01,Start Class
100085,Future Trends in Ancient Alexandria,en,https://en.wikipedia.org/wiki/Future_Trends_in_Ancient_Alexandria,"An encyclopedic inquiry into major hellenistic center of commerce and scholarship in egypt. Comprehensive survey covering definitions, historical development, and research implications.",1234,7,8,True,5,"['History & Civilizations', 'Articles on History']","['Amazon Rainforest', 'French Revolution', 'Renaissance Art']",True,6.48,72.77,C Class
100086,Critique of Public Health,en,https://en.wikipedia.org/wiki/Critique_of_Public_Health,"An encyclopedic inquiry into science and art of preventing disease and promoting health. Comprehensive survey covering definitions, historical development, and research implications.",2449,8,26,True,8,"['Social Sciences & Philosophy', 'Articles on Social Sciences']","['Antarctic Ice Sheet', 'French Revolution', 'Public Health', 'Ancient Alexandria', 'Bauhaus Movement', 'Constitutional Law']",False,10.62,95.6,Good / Featured Article
100087,Future Trends in Antarctic Ice Sheet,en,https://en.wikipedia.org/wiki/Future_Trends_in_Antarctic_Ice_Sheet,"An encyclopedic inquiry into single largest mass of ice on earth covering antarctica. Comprehensive survey covering definitions, historical development, and research implications.",466,4,2,True,3,"['Geography & Earth', 'Articles on Geography', 'Open Source Tech Envoy Corpus']","['Postmodern Literature', 'Game Theory', 'Great Barrier Reef']",True,4.29,59.59,Start Class
100088,Applications of Impressionism,en,https://en.wikipedia.org/wiki/Applications_of_Impressionism,"An encyclopedic inquiry into 19th-century art movement characterized by visible brush strokes. Comprehensive survey covering definitions, historical development, and research implications.",650,3,1,True,2,"['Literature & Arts', 'Articles on Literature', 'Open Source Tech Envoy Corpus']","['Universal Declaration of Human Rights', 'Kabuki Theatre', 'Epistemology', 'Homeric Epics', 'Classical Music', 'Nanotechnology', 'Impressionism', 'Photosynthesis']",True,1.54,53.37,Start Class
100089,Contemporary Renaissance Art,en,https://en.wikipedia.org/wiki/Contemporary_Renaissance_Art,"An encyclopedic inquiry into painting, sculpture, and decorative arts of european renaissance. Comprehensive survey covering definitions, historical development, and research implications.",422,4,2,True,4,"['Literature & Arts', 'Articles on Literature', 'Open Source Tech Envoy Corpus']","['Ancient Alexandria', 'Renaissance Humanism', 'Game Theory']",True,4.74,60.99,Start Class
100090,Regional Study on Mount Everest,en,https://en.wikipedia.org/wiki/Regional_Study_on_Mount_Everest,"An encyclopedic inquiry into earth's highest mountain above sea level in mahalangur himal. Comprehensive survey covering definitions, historical development, and research implications.",96,2,0,True,3,"['Geography & Earth', 'Articles on Geography', 'Open Source Tech Envoy Corpus']","['Graphene', 'Industrial Revolution', 'Sociology of Knowledge', 'Ring of Fire', 'Ancient Alexandria', 'Game Theory', 'Meiji Restoration', 'Superconductivity', 'Sahara Desert']",True,0.0,39.65,Stub Class
100091,Advanced General Relativity,en,https://en.wikipedia.org/wiki/Advanced_General_Relativity,"An encyclopedic inquiry into geometric theory of gravitation published by albert einstein. Comprehensive survey covering definitions, historical development, and research implications.",3907,15,65,True,13,"['Science & Technology', 'Articles on Science', 'Open Source Tech Envoy Corpus']","['Superconductivity', 'Sahara Desert', 'Harappan Civilization', 'Classical Music', 'Game Theory', 'Constitutional Law', 'Industrial Revolution']",False,16.64,100.0,Good / Featured Article
100092,Applications of Classical Music,en,https://en.wikipedia.org/wiki/Applications_of_Classical_Music,"An encyclopedic inquiry into art music produced in the traditions of western culture. Comprehensive survey covering definitions, historical development, and research implications.",1109,4,10,False,0,"['Literature & Arts', 'Articles on Literature', 'Open Source Tech Envoy Corpus']","['Nile River Basin', 'Renaissance Humanism', 'Baroque Architecture', 'Microbiome', 'Surrealism', 'Thermodynamics', 'Impressionism']",True,9.02,62.3,C Class
100093,Critique of Magna Carta,en,https://en.wikipedia.org/wiki/Critique_of_Magna_Carta,"An encyclopedic inquiry into royal charter of rights agreed to by king john of england. Comprehensive survey covering definitions, historical development, and research implications.",2360,10,27,True,10,"['History & Civilizations', 'Articles on History']","['Galapagos Islands', 'Nanotechnology', 'Space Race', 'Sahara Desert']",False,11.44,95.41,B Class
100094,Future Trends in Mesopotamia,en,https://en.wikipedia.org/wiki/Future_Trends_in_Mesopotamia,"An encyclopedic inquiry into historical region of western asia situated within the tigris–euphrates. Comprehensive survey covering definitions, historical development, and research implications.",3510,13,65,True,25,"['History & Civilizations', 'Articles on History']","['Baroque Architecture', 'Mesopotamia', 'Silk Road', 'CRISPR Gene Editing', 'Bauhaus Movement', 'Harappan Civilization']",False,18.52,96.67,Good / Featured Article
100095,Philosophy of Harappan Civilization,en,https://en.wikipedia.org/wiki/Philosophy_of_Harappan_Civilization,"An encyclopedic inquiry into bronze age civilization in the northwestern regions of south asia. Comprehensive survey covering definitions, historical development, and research implications.",1250,5,15,False,0,"['History & Civilizations', 'Articles on History']","['Galapagos Islands', 'Surrealism', 'French Revolution', 'James Webb Space Telescope', 'Ottoman Empire']",False,12.0,66.06,C Class
100096,Applications of Homeric Epics,en,https://en.wikipedia.org/wiki/Applications_of_Homeric_Epics,"An encyclopedic inquiry into ancient greek epic poems attributed to homer: iliad and odyssey. Comprehensive survey covering definitions, historical development, and research implications.",711,4,2,False,0,"['Literature & Arts', 'Articles on Literature']","['Quantum Computing', 'James Webb Space Telescope', 'Behavioral Economics', 'Meiji Restoration', 'Byzantine Empire', 'Nanotechnology', 'Antarctic Ice Sheet']",True,2.81,42.51,Start Class
100097,Contemporary Microbiome,en,https://en.wikipedia.org/wiki/Contemporary_Microbiome,"An encyclopedic inquiry into aggregate of all microbiota residing on or within tissues. Comprehensive survey covering definitions, historical development, and research implications.",333,2,2,False,0,"['Science & Technology', 'Articles on Science', 'Open Source Tech Envoy Corpus']","['Postmodern Literature', 'Artificial Intelligence', 'Silk Road', 'Deep Learning', 'Nanotechnology', 'Galapagos Islands', 'Industrial Revolution', 'Higgs Boson', 'Superconductivity']",True,6.01,42.65,Start Class
100098,Applications of Behavioral Economics,en,https://en.wikipedia.org/wiki/Applications_of_Behavioral_Economics,"An encyclopedic inquiry into effects of psychological and social factors on economic decisions. Comprehensive survey covering definitions, historical development, and research implications.",1231,4,12,True,7,"['Social Sciences & Philosophy', 'Articles on Social Sciences']","['Higgs Boson', 'Industrial Revolution', 'James Webb Space Telescope']",False,9.75,80.56,C Class
100099,Regional Study on Harappan Civilization,en,https://en.wikipedia.org/wiki/Regional_Study_on_Harappan_Civilization,"An encyclopedic inquiry into bronze age civilization in the northwestern regions of south asia. Comprehensive survey covering definitions, historical development, and research implications.",1269,4,4,True,10,"['History & Civilizations', 'Articles on History', 'Open Source Tech Envoy Corpus']","['Lake Baikal', 'Microbiome', 'Baroque Architecture', 'CRISPR Gene Editing', 'Kabuki Theatre', 'Homeric Epics']",False,3.15,70.6,C Class
100100,Philosophy of Classical Music,en,https://en.wikipedia.org/wiki/Philosophy_of_Classical_Music,"An encyclopedic inquiry into art music produced in the traditions of western culture. Comprehensive survey covering definitions, historical development, and research implications.",1439,6,12,True,8,"['Literature & Arts', 'Articles on Literature']","['Thermodynamics', 'General Relativity', 'Renaissance Humanism', 'Postmodern Literature', 'Deep Learning', 'Public Health']",False,8.34,82.51,B Class
100101,Regional Study on Sahara Desert,en,https://en.wikipedia.org/wiki/Regional_Study_on_Sahara_Desert,"An encyclopedic inquiry into largest hot desert in the world covering north africa. Comprehensive survey covering definitions, historical development, and research implications.",653,3,2,False,0,"['Geography & Earth', 'Articles on Geography', 'Open Source Tech Envoy Corpus']","['Behavioral Economics', 'Bauhaus Movement', 'Superconductivity']",True,3.06,43.77,Start Class
100102,Advanced Microbiome,en,https://en.wikipedia.org/wiki/Advanced_Microbiome,"An encyclopedic inquiry into aggregate of all microbiota residing on or within tissues. Comprehensive survey covering definitions, historical development, and research implications.",1061,5,9,True,7,"['Science & Technology', 'Articles on Science']","['Ottoman Empire', 'Mesopotamia', 'Kabuki Theatre', 'Photosynthesis', 'Renaissance Humanism', 'Mariana Trench']",False,8.48,78.07,C Class
100103,Philosophy of Existentialism,en,https://en.wikipedia.org/wiki/Philosophy_of_Existentialism,"An encyclopedic inquiry into philosophical inquiry that explores the problem of human existence. Comprehensive survey covering definitions, historical development, and research implications.",2722,18,53,True,20,"['Social Sciences & Philosophy', 'Articles on Social Sciences']","['Game Theory', 'Harappan Civilization', 'Constitutional Law']",False,19.47,96.16,Good / Featured Article
100104,Future Trends in Meiji Restoration,en,https://en.wikipedia.org/wiki/Future_Trends_in_Meiji_Restoration,"An encyclopedic inquiry into political event that restored practical imperial rule to japan. Comprehensive survey covering definitions, historical development, and research implications.",2214,8,23,True,9,"['History & Civilizations', 'Articles on History', 'Open Source Tech Envoy Corpus']","['Homeric Epics', 'Universal Declaration of Human Rights', 'Mariana Trench', 'Kabuki Theatre', 'James Webb Space Telescope']",False,10.39,97.2,B Class
100105,Regional Study on Antarctic Ice Sheet,en,https://en.wikipedia.org/wiki/Regional_Study_on_Antarctic_Ice_Sheet,"An encyclopedic inquiry into single largest mass of ice on earth covering antarctica. Comprehensive survey covering definitions, historical development, and research implications.",2426,10,27,True,16,"['Geography & Earth', 'Articles on Geography', 'Open Source Tech Envoy Corpus']","['Ring of Fire', 'Microbiome', 'Photosynthesis', 'French Revolution', 'Nile River Basin', 'Harappan Civilization', 'Superconductivity', 'Silk Road']",False,11.13,98.88,Good / Featured Article
100106,Global Impact of Quantum Computing,en,https://en.wikipedia.org/wiki/Global_Impact_of_Quantum_Computing,"An encyclopedic inquiry into computation utilizing quantum mechanical phenomena. Comprehensive survey covering definitions, historical development, and research implications.",1571,9,0,True,11,"['Science & Technology', 'Articles on Science']","['Bauhaus Movement', 'Silk Road', 'Quantum Computing', 'Higgs Boson', 'Existentialism', 'Public Health', 'Universal Declaration of Human Rights', 'Magna Carta', 'Meiji Restoration']",True,0.0,63.27,Start Class
100107,Philosophy of Ottoman Empire,en,https://en.wikipedia.org/wiki/Philosophy_of_Ottoman_Empire,"An encyclopedic inquiry into imperial realm controlling much of southeast europe and western asia. Comprehensive survey covering definitions, historical development, and research implications.",1978,11,23,True,13,"['History & Civilizations', 'Articles on History']","['Quantum Computing', 'General Relativity', 'Game Theory', 'Mount Everest', 'Dark Matter', 'Space Race', 'Mesopotamia', 'Sahara Desert']",False,11.63,93.28,B Class
100108,Global Impact of Epistemology,en,https://en.wikipedia.org/wiki/Global_Impact_of_Epistemology,"An encyclopedic inquiry into branch of philosophy concerned with nature and scope of knowledge. Comprehensive survey covering definitions, historical development, and research implications.",883,7,8,True,7,"['Social Sciences & Philosophy', 'Articles on Social Sciences', 'Open Source Tech Envoy Corpus']","['Deep Learning', 'Graphene', 'Universal Declaration of Human Rights']",False,9.06,80.71,C Class
100109,Principles of Mesopotamia,en,https://en.wikipedia.org/wiki/Principles_of_Mesopotamia,"An encyclopedic inquiry into historical region of western asia situated within the tigris–euphrates. Comprehensive survey covering definitions, historical development, and research implications.",2139,6,23,True,11,"['History & Civilizations', 'Articles on History', 'Open Source Tech Envoy Corpus']","['Superconductivity', 'French Revolution', 'Mariana Trench', 'Public Health', 'Ancient Alexandria', 'Classical Music', 'Epistemology']",False,10.75,97.02,B Class
100110,Global Impact of Ottoman Empire,en,https://en.wikipedia.org/wiki/Global_Impact_of_Ottoman_Empire,"An encyclopedic inquiry into imperial realm controlling much of southeast europe and western asia. Comprehensive survey covering definitions, historical development, and research implications.",3192,11,45,True,12,"['History & Civilizations', 'Articles on History', 'Open Source Tech Envoy Corpus']","['Magna Carta', 'Dark Matter', 'Epistemology', 'Nanotechnology']",False,14.1,100.0,Good / Featured Article
100111,Foundations of Great Barrier Reef,en,https://en.wikipedia.org/wiki/Foundations_of_Great_Barrier_Reef,"An encyclopedic inquiry into world's largest coral reef system off queensland, australia. Comprehensive survey covering definitions, historical development, and research implications.",1162,7,5,True,4,"['Geography & Earth', 'Articles on Geography', 'Open Source Tech Envoy Corpus']","['Space Race', 'Galapagos Islands', 'Film Noir', 'Microbiome']",False,4.3,69.46,C Class
100112,Philosophy of Sahara Desert (Vol. 3),en,https://en.wikipedia.org/wiki/Philosophy_of_Sahara_Desert_(Vol._3),"An encyclopedic inquiry into largest hot desert in the world covering north africa. Comprehensive survey covering definitions, historical development, and research implications.",65,1,1,True,4,"['Geography & Earth', 'Articles on Geography']","['Mariana Trench', 'Antarctic Ice Sheet', 'Ottoman Empire', 'Film Noir', 'Impressionism', 'Mesopotamia', 'Ancient Alexandria']",True,15.38,49.11,Stub Class
100113,Foundations of Existentialism,en,https://en.wikipedia.org/wiki/Foundations_of_Existentialism,"An encyclopedic inquiry into philosophical inquiry that explores the problem of human existence. Comprehensive survey covering definitions, historical development, and research implications.",210,1,1,False,0,"['Social Sciences & Philosophy', 'Articles on Social Sciences']","['Mariana Trench', 'Public Health', 'Photosynthesis']",True,4.76,32.42,Stub Class
100114,Foundations of Magna Carta,en,https://en.wikipedia.org/wiki/Foundations_of_Magna_Carta,"An encyclopedic inquiry into royal charter of rights agreed to by king john of england. Comprehensive survey covering definitions, historical development, and research implications.",1322,6,7,True,10,"['History & Civilizations', 'Articles on History']","['Epistemology', 'Graphene', 'Thermodynamics', 'Lake Baikal', 'Impressionism']",False,5.3,74.51,C Class
100115,Applications of Deep Learning,en,https://en.wikipedia.org/wiki/Applications_of_Deep_Learning,"An encyclopedic inquiry into subset of machine learning based on artificial neural networks. Comprehensive survey covering definitions, historical development, and research implications.",1677,11,19,True,15,"['Science & Technology', 'Articles on Science', 'Open Source Tech Envoy Corpus']","['Plate Tectonics', 'Higgs Boson', 'Postmodern Literature', 'Deep Learning', 'Universal Declaration of Human Rights']",False,11.33,93.34,B Class
100116,Global Impact of Sahara Desert,en,https://en.wikipedia.org/wiki/Global_Impact_of_Sahara_Desert,"An encyclopedic inquiry into largest hot desert in the world covering north africa. Comprehensive survey covering definitions, historical development, and research implications.",641,2,3,False,0,"['Geography & Earth', 'Articles on Geography', 'Open Source Tech Envoy Corpus']","['Classical Music', 'Antarctic Ice Sheet', 'Surrealism', 'Impressionism', 'Baroque Architecture', 'Renaissance Humanism']",True,4.68,44.7,Start Class
100117,Critique of Ring of Fire,en,https://en.wikipedia.org/wiki/Critique_of_Ring_of_Fire,"An encyclopedic inquiry into major area in the basin of the pacific ocean where earthquakes occur. Comprehensive survey covering definitions, historical development, and research implications.",508,2,3,True,2,"['Geography & Earth', 'Articles on Geography']","['Silk Road', 'Renaissance Art', 'James Webb Space Telescope', 'French Revolution', 'Lake Baikal', 'Thermodynamics', 'Magna Carta', 'Sahara Desert', 'Amazon Rainforest']",True,5.91,54.49,Start Class
100118,Global Impact of Baroque Architecture,en,https://en.wikipedia.org/wiki/Global_Impact_of_Baroque_Architecture,"An encyclopedic inquiry into highly decorative and theatrical style of building in europe. Comprehensive survey covering definitions, historical development, and research implications.",1385,6,7,True,8,"['Literature & Arts', 'Articles on Literature', 'Open Source Tech Envoy Corpus']","['Renaissance Art', 'Nile River Basin', 'Behavioral Economics', 'Game Theory', 'CRISPR Gene Editing', 'Amazon Rainforest']",False,5.05,77.71,C Class
100119,Critique of James Webb Space Telescope,en,https://en.wikipedia.org/wiki/Critique_of_James_Webb_Space_Telescope,"An encyclopedic inquiry into premier infrared space observatory mission. Comprehensive survey covering definitions, historical development, and research implications.",2049,10,30,True,10,"['Science & Technology', 'Articles on Science', 'Open Source Tech Envoy Corpus']","['Meiji Restoration', 'Film Noir', 'General Relativity', 'Lake Baikal', 'Surrealism', 'Higgs Boson', 'CRISPR Gene Editing', 'Byzantine Empire', 'Existentialism']",False,14.64,98.0,B Class
100120,Contemporary Harappan Civilization,en,https://en.wikipedia.org/wiki/Contemporary_Harappan_Civilization,"An encyclopedic inquiry into bronze age civilization in the northwestern regions of south asia. Comprehensive survey covering definitions, historical development, and research implications.",225,1,1,False,0,"['History & Civilizations', 'Articles on History', 'Open Source Tech Envoy Corpus']","['Mesopotamia', 'Epistemology', 'Meiji Restoration', 'Classical Music', 'Postmodern Literature', 'James Webb Space Telescope']",True,4.44,35.64,Stub Class
100121,Future Trends in Nile River Basin,en,https://en.wikipedia.org/wiki/Future_Trends_in_Nile_River_Basin,"An encyclopedic inquiry into major north-flowing river drainage system in northeastern africa. Comprehensive survey covering definitions, historical development, and research implications.",1396,6,6,True,9,"['Geography & Earth', 'Articles on Geography']","['Kabuki Theatre', 'Public Health', 'Homeric Epics', 'Postmodern Literature', 'Deep Learning']",False,4.3,72.69,C Class
100122,Introduction to Ottoman Empire,en,https://en.wikipedia.org/wiki/Introduction_to_Ottoman_Empire,"An encyclopedic inquiry into imperial realm controlling much of southeast europe and western asia. Comprehensive survey covering definitions, historical development, and research implications.",1136,4,6,True,7,"['History & Civilizations', 'Articles on History', 'Open Source Tech Envoy Corpus']","['Magna Carta', 'Nile River Basin', 'Space Race']",False,5.28,73.16,C Class
100123,Contemporary Quantum Computing,en,https://en.wikipedia.org/wiki/Contemporary_Quantum_Computing,"An encyclopedic inquiry into computation utilizing quantum mechanical phenomena. Comprehensive survey covering definitions, historical development, and research implications.",940,4,6,False,0,"['Science & Technology', 'Articles on Science']","['Meiji Restoration', 'Epistemology', 'Great Barrier Reef', 'Plate Tectonics']",True,6.38,51.73,C Class
100124,Regional Study on Lake Baikal,en,https://en.wikipedia.org/wiki/Regional_Study_on_Lake_Baikal,"An encyclopedic inquiry into ancient, massive lake in mountainous russian region of siberia. Comprehensive survey covering definitions, historical development, and research implications.",101,1,0,False,0,"['Geography & Earth', 'Articles on Geography']","['CRISPR Gene Editing', 'Homeric Epics', 'Meiji Restoration', 'Epistemology', 'Baroque Architecture', 'Nanotechnology', 'Postmodern Literature']",True,0.0,20.83,Stub Class
100125,Advanced CRISPR Gene Editing,en,https://en.wikipedia.org/wiki/Advanced_CRISPR_Gene_Editing,"An encyclopedic inquiry into biotechnological molecular biology genetic editing tool. Comprehensive survey covering definitions, historical development, and research implications.",1116,5,11,True,8,"['Science & Technology', 'Articles on Science', 'Open Source Tech Envoy Corpus']","['Byzantine Empire', 'Amazon Rainforest', 'Baroque Architecture', 'Ancient Alexandria', 'Universal Declaration of Human Rights', 'Game Theory', 'Existentialism', 'Microbiome']",True,9.86,86.19,C Class
100126,Principles of Sahara Desert,en,https://en.wikipedia.org/wiki/Principles_of_Sahara_Desert,"An encyclopedic inquiry into largest hot desert in the world covering north africa. Comprehensive survey covering definitions, historical development, and research implications.",566,4,3,True,6,"['Geography & Earth', 'Articles on Geography']","['Mount Everest', 'Mesopotamia', 'Graphene', 'Plate Tectonics', 'Postmodern Literature', 'Nanotechnology', 'Industrial Revolution']",True,5.3,63.15,Start Class
100127,Philosophy of Public Health,en,https://en.wikipedia.org/wiki/Philosophy_of_Public_Health,"An encyclopedic inquiry into science and art of preventing disease and promoting health. Comprehensive survey covering definitions, historical development, and research implications.",1627,6,27,True,14,"['Social Sciences & Philosophy', 'Articles on Social Sciences', 'Open Source Tech Envoy Corpus']","['Graphene', 'Silk Road', 'Amazon Rainforest', 'Lake Baikal', 'Deep Learning', 'Mariana Trench', 'General Relativity', 'Microbiome', 'Sociology of Knowledge']",False,16.59,96.78,B Class
100128,Contemporary Lake Baikal,en,https://en.wikipedia.org/wiki/Contemporary_Lake_Baikal,"An encyclopedic inquiry into ancient, massive lake in mountainous russian region of siberia. Comprehensive survey covering definitions, historical development, and research implications.",1701,7,24,True,10,"['Geography & Earth', 'Articles on Geography']","['Harappan Civilization', 'Microbiome', 'Quantum Computing']",False,14.11,93.08,B Class
100129,Principles of CRISPR Gene Editing,en,https://en.wikipedia.org/wiki/Principles_of_CRISPR_Gene_Editing,"An encyclopedic inquiry into biotechnological molecular biology genetic editing tool. Comprehensive survey covering definitions, historical development, and research implications.",61,1,0,False,0,"['Science & Technology', 'Articles on Science', 'Open Source Tech Envoy Corpus']","['Bauhaus Movement', 'Existentialism', 'Nanotechnology', 'Universal Declaration of Human Rights', 'Film Noir', 'Ring of Fire']",True,0.0,21.51,Stub Class
100130,Introduction to Existentialism,en,https://en.wikipedia.org/wiki/Introduction_to_Existentialism,"An encyclopedic inquiry into philosophical inquiry that explores the problem of human existence. Comprehensive survey covering definitions, historical development, and research implications.",1044,7,10,False,0,"['Social Sciences & Philosophy', 'Articles on Social Sciences']","['Postmodern Literature', 'Mount Everest', 'Mariana Trench', 'Superconductivity', 'Epistemology', 'Ancient Alexandria', 'Byzantine Empire', 'Magna Carta']",True,9.58,61.49,C Class
100131,Global Impact of Great Barrier Reef,en,https://en.wikipedia.org/wiki/Global_Impact_of_Great_Barrier_Reef,"An encyclopedic inquiry into world's largest coral reef system off queensland, australia. Comprehensive survey covering definitions, historical development, and research implications.",1046,5,10,True,4,"['Geography & Earth', 'Articles on Geography', 'Open Source Tech Envoy Corpus']","['Lake Baikal', 'Antarctic Ice Sheet', 'Byzantine Empire', 'Film Noir', 'Deep Learning', 'Ancient Alexandria', 'Mariana Trench', 'Artificial Intelligence']",False,9.56,79.8,C Class
100132,Philosophy of Harappan Civilization (Vol. 3),en,https://en.wikipedia.org/wiki/Philosophy_of_Harappan_Civilization_(Vol._3),"An encyclopedic inquiry into bronze age civilization in the northwestern regions of south asia. Comprehensive survey covering definitions, historical development, and research implications.",1992,7,1,True,11,"['History & Civilizations', 'Articles on History']","['Lake Baikal', 'Behavioral Economics', 'Public Health', 'Nile River Basin', 'Quantum Computing', 'Space Race', 'Ring of Fire']",True,0.5,65.86,Start Class
100133,Contemporary Quantum Computing (Vol. 4),en,https://en.wikipedia.org/wiki/Contemporary_Quantum_Computing_(Vol._4),"An encyclopedic inquiry into computation utilizing quantum mechanical phenomena. Comprehensive survey covering definitions, historical development, and research implications.",696,2,3,False,0,"['Science & Technology', 'Articles on Science', 'Open Source Tech Envoy Corpus']","['Byzantine Empire', 'Kabuki Theatre', 'Homeric Epics', 'Impressionism', 'Photosynthesis']",True,4.31,44.58,C Class
100134,Contemporary Galapagos Islands,en,https://en.wikipedia.org/wiki/Contemporary_Galapagos_Islands,"An encyclopedic inquiry into volcanic archipelago in pacific ocean known for endemic species. Comprehensive survey covering definitions, historical development, and research implications.",182,1,2,True,1,"['Geography & Earth', 'Articles on Geography', 'Open Source Tech Envoy Corpus']","['Existentialism', 'Epistemology', 'Classical Music', 'Sahara Desert']",True,10.99,54.71,Stub Class
100135,Critique of Film Noir,en,https://en.wikipedia.org/wiki/Critique_of_Film_Noir,"An encyclopedic inquiry into cinematic term used primarily to describe stylish hollywood crime dramas. Comprehensive survey covering definitions, historical development, and research implications.",3655,18,47,True,19,"['Literature & Arts', 'Articles on Literature', 'Open Source Tech Envoy Corpus']","['CRISPR Gene Editing', 'Behavioral Economics', 'Plate Tectonics', 'Renaissance Humanism']",False,12.86,100.0,Good / Featured Article
100136,History of Industrial Revolution,en,https://en.wikipedia.org/wiki/History_of_Industrial_Revolution,"An encyclopedic inquiry into transition to new manufacturing processes in europe and us. Comprehensive survey covering definitions, historical development, and research implications.",489,2,3,True,5,"['History & Civilizations', 'Articles on History', 'Open Source Tech Envoy Corpus']","['Ancient Alexandria', 'French Revolution', 'Epistemology', 'James Webb Space Telescope']",True,6.13,61.7,Start Class
100137,Foundations of Ottoman Empire (Vol. 8),en,https://en.wikipedia.org/wiki/Foundations_of_Ottoman_Empire_(Vol._8),"An encyclopedic inquiry into imperial realm controlling much of southeast europe and western asia. Comprehensive survey covering definitions, historical development, and research implications.",1331,4,8,True,4,"['History & Civilizations', 'Articles on History', 'Open Source Tech Envoy Corpus']","['Meiji Restoration', 'Higgs Boson', 'Great Barrier Reef', 'Bauhaus Movement', 'Sociology of Knowledge', 'Harappan Civilization']",False,6.01,72.54,C Class
100138,Introduction to Sociology of Knowledge,en,https://en.wikipedia.org/wiki/Introduction_to_Sociology_of_Knowledge,"An encyclopedic inquiry into study of relationship between human thought and social context. Comprehensive survey covering definitions, historical development, and research implications.",1417,5,10,True,6,"['Social Sciences & Philosophy', 'Articles on Social Sciences']","['Photosynthesis', 'General Relativity', 'Renaissance Humanism', 'Homeric Epics', 'Ancient Alexandria']",False,7.06,76.81,B Class
100139,Contemporary Kabuki Theatre,en,https://en.wikipedia.org/wiki/Contemporary_Kabuki_Theatre,"An encyclopedic inquiry into classical japanese dance-drama known for stylized drama and makeup. Comprehensive survey covering definitions, historical development, and research implications.",506,2,2,False,0,"['Literature & Arts', 'Articles on Literature', 'Open Source Tech Envoy Corpus']","['Silk Road', 'Impressionism', 'Behavioral Economics', 'James Webb Space Telescope', 'Thermodynamics', 'Homeric Epics']",True,3.95,41.76,Start Class
100140,Future Trends in Postmodern Literature,en,https://en.wikipedia.org/wiki/Future_Trends_in_Postmodern_Literature,"An encyclopedic inquiry into form of literature characterized by reliance on meta-fiction. Comprehensive survey covering definitions, historical development, and research implications.",507,3,3,True,2,"['Literature & Arts', 'Articles on Literature', 'Open Source Tech Envoy Corpus']","['Nanotechnology', 'Thermodynamics', 'Byzantine Empire']",True,5.92,59.83,Start Class
100141,Introduction to Postmodern Literature,en,https://en.wikipedia.org/wiki/Introduction_to_Postmodern_Literature,"An encyclopedic inquiry into form of literature characterized by reliance on meta-fiction. Comprehensive survey covering definitions, historical development, and research implications.",507,3,4,True,3,"['Literature & Arts', 'Articles on Literature']","['Harappan Civilization', 'Amazon Rainforest', 'Universal Declaration of Human Rights', 'Thermodynamics', 'Antarctic Ice Sheet']",True,7.89,61.3,Start Class
100142,History of Superconductivity,en,https://en.wikipedia.org/wiki/History_of_Superconductivity,"An encyclopedic inquiry into zero electrical resistance occurring in certain materials. Comprehensive survey covering definitions, historical development, and research implications.",548,4,2,False,0,"['Science & Technology', 'Articles on Science']","['Mount Everest', 'Space Race', 'Nile River Basin', 'Superconductivity', 'Industrial Revolution', 'Epistemology']",True,3.65,42.4,Start Class
100143,Applications of Great Barrier Reef,en,https://en.wikipedia.org/wiki/Applications_of_Great_Barrier_Reef,"An encyclopedic inquiry into world's largest coral reef system off queensland, australia. Comprehensive survey covering definitions, historical development, and research implications.",1666,8,23,True,10,"['Geography & Earth', 'Articles on Geography']","['Thermodynamics', 'Amazon Rainforest', 'Higgs Boson', 'Film Noir', 'Existentialism', 'General Relativity', 'Classical Music', 'Renaissance Humanism', 'Homeric Epics']",False,13.81,92.37,B Class
100144,Foundations of Film Noir,en,https://en.wikipedia.org/wiki/Foundations_of_Film_Noir,"An encyclopedic inquiry into cinematic term used primarily to describe stylish hollywood crime dramas. Comprehensive survey covering definitions, historical development, and research implications.",2211,7,0,True,10,"['Literature & Arts', 'Articles on Literature']","['Higgs Boson', 'Behavioral Economics', 'Harappan Civilization', 'Lake Baikal', 'Microbiome', 'Superconductivity', 'Plate Tectonics', 'Nanotechnology']",True,0.0,65.06,Start Class
100145,Contemporary Antarctic Ice Sheet,en,https://en.wikipedia.org/wiki/Contemporary_Antarctic_Ice_Sheet,"An encyclopedic inquiry into single largest mass of ice on earth covering antarctica. Comprehensive survey covering definitions, historical development, and research implications.",1338,7,10,True,4,"['Geography & Earth', 'Articles on Geography', 'Open Source Tech Envoy Corpus']","['Nanotechnology', 'Baroque Architecture', 'General Relativity', 'Thermodynamics', 'Magna Carta', 'Ottoman Empire', 'Film Noir']",False,7.47,77.96,C Class
100146,Future Trends in Renaissance Humanism,en,https://en.wikipedia.org/wiki/Future_Trends_in_Renaissance_Humanism,"An encyclopedic inquiry into intellectual movement originating in 14th-century italy. Comprehensive survey covering definitions, historical development, and research implications.",2972,12,59,True,18,"['History & Civilizations', 'Articles on History', 'Open Source Tech Envoy Corpus']","['Classical Music', 'Mount Everest', 'French Revolution', 'Nanotechnology', 'Epistemology', 'Nile River Basin']",False,19.85,99.95,Good / Featured Article
100147,History of Lake Baikal,en,https://en.wikipedia.org/wiki/History_of_Lake_Baikal,"An encyclopedic inquiry into ancient, massive lake in mountainous russian region of siberia. Comprehensive survey covering definitions, historical development, and research implications.",192,1,1,False,0,"['Geography & Earth', 'Articles on Geography']","['Deep Learning', 'Magna Carta', 'Graphene', 'Sociology of Knowledge', 'Renaissance Humanism', 'Film Noir', 'Microbiome']",True,5.21,32.62,Stub Class
100148,Regional Study on Impressionism,en,https://en.wikipedia.org/wiki/Regional_Study_on_Impressionism,"An encyclopedic inquiry into 19th-century art movement characterized by visible brush strokes. Comprehensive survey covering definitions, historical development, and research implications.",1757,11,19,True,13,"['Literature & Arts', 'Articles on Literature', 'Open Source Tech Envoy Corpus']","['Magna Carta', 'Baroque Architecture', 'Galapagos Islands', 'General Relativity', 'Lake Baikal', 'Surrealism', 'Graphene', 'Renaissance Art']",False,10.81,93.59,B Class
100149,Global Impact of Existentialism (Vol. 10),en,https://en.wikipedia.org/wiki/Global_Impact_of_Existentialism_(Vol._10),"An encyclopedic inquiry into philosophical inquiry that explores the problem of human existence. Comprehensive survey covering definitions, historical development, and research implications.",3453,10,54,True,19,"['Social Sciences & Philosophy', 'Articles on Social Sciences', 'Open Source Tech Envoy Corpus']","['Quantum Computing', 'General Relativity', 'CRISPR Gene Editing', 'Surrealism', 'Epistemology', 'Antarctic Ice Sheet', 'Industrial Revolution', 'Constitutional Law', 'Dark Matter']",False,15.64,100.0,Good / Featured Article
100150,Regional Study on Impressionism (Vol. 1),en,https://en.wikipedia.org/wiki/Regional_Study_on_Impressionism_(Vol._1),"An encyclopedic inquiry into 19th-century art movement characterized by visible brush strokes. Comprehensive survey covering definitions, historical development, and research implications.",1674,7,15,True,15,"['Literature & Arts', 'Articles on Literature']","['Ring of Fire', 'Byzantine Empire', 'Constitutional Law', 'Classical Music', 'Ottoman Empire']",False,8.96,86.04,B Class
100151,Critique of Mesopotamia,en,https://en.wikipedia.org/wiki/Critique_of_Mesopotamia,"An encyclopedic inquiry into historical region of western asia situated within the tigris–euphrates. Comprehensive survey covering definitions, historical development, and research implications.",1153,5,10,True,8,"['History & Civilizations', 'Articles on History', 'Open Source Tech Envoy Corpus']","['Postmodern Literature', 'Deep Learning', 'Renaissance Humanism', 'Film Noir', 'Kabuki Theatre']",False,8.67,83.98,C Class
100152,Applications of Renaissance Humanism,en,https://en.wikipedia.org/wiki/Applications_of_Renaissance_Humanism,"An encyclopedic inquiry into intellectual movement originating in 14th-century italy. Comprehensive survey covering definitions, historical development, and research implications.",1193,5,10,True,5,"['History & Civilizations', 'Articles on History']","['Amazon Rainforest', 'Byzantine Empire', 'Deep Learning', 'Photosynthesis', 'James Webb Space Telescope']",True,8.38,76.64,C Class
100153,Foundations of Antarctic Ice Sheet,en,https://en.wikipedia.org/wiki/Foundations_of_Antarctic_Ice_Sheet,"An encyclopedic inquiry into single largest mass of ice on earth covering antarctica. Comprehensive survey covering definitions, historical development, and research implications.",1317,5,11,False,0,"['Geography & Earth', 'Articles on Geography', 'Open Source Tech Envoy Corpus']","['Graphene', 'Great Barrier Reef', 'Lake Baikal', 'Sahara Desert', 'Existentialism', 'Magna Carta', 'Behavioral Economics', 'Quantum Computing', 'General Relativity']",False,8.35,64.8,C Class
100154,Principles of James Webb Space Telescope,en,https://en.wikipedia.org/wiki/Principles_of_James_Webb_Space_Telescope,"An encyclopedic inquiry into premier infrared space observatory mission. Comprehensive survey covering definitions, historical development, and research implications.",1174,6,10,False,0,"['Science & Technology', 'Articles on Science', 'Open Source Tech Envoy Corpus']","['Surrealism', 'Classical Music', 'Ring of Fire', 'Ancient Alexandria', 'Galapagos Islands', 'Artificial Intelligence', 'Photosynthesis', 'Mariana Trench', 'Nanotechnology']",False,8.52,63.85,C Class
100155,Applications of Nile River Basin,en,https://en.wikipedia.org/wiki/Applications_of_Nile_River_Basin,"An encyclopedic inquiry into major north-flowing river drainage system in northeastern africa. Comprehensive survey covering definitions, historical development, and research implications.",1438,5,5,True,7,"['Geography & Earth', 'Articles on Geography', 'Open Source Tech Envoy Corpus']","['Thermodynamics', 'Space Race', 'Lake Baikal', 'Amazon Rainforest', 'Universal Declaration of Human Rights']",False,3.48,73.1,C Class
100156,Regional Study on Meiji Restoration,en,https://en.wikipedia.org/wiki/Regional_Study_on_Meiji_Restoration,"An encyclopedic inquiry into political event that restored practical imperial rule to japan. Comprehensive survey covering definitions, historical development, and research implications.",1882,9,1,True,9,"['History & Civilizations', 'Articles on History']","['Deep Learning', 'Plate Tectonics', 'Postmodern Literature', 'Lake Baikal', 'Ottoman Empire', 'Constitutional Law', 'CRISPR Gene Editing', 'Universal Declaration of Human Rights', 'Game Theory']",True,0.53,65.61,Start Class
100157,Global Impact of Deep Learning,en,https://en.wikipedia.org/wiki/Global_Impact_of_Deep_Learning,"An encyclopedic inquiry into subset of machine learning based on artificial neural networks. Comprehensive survey covering definitions, historical development, and research implications.",249,2,1,False,0,"['Science & Technology', 'Articles on Science', 'Open Source Tech Envoy Corpus']","['Renaissance Humanism', 'Baroque Architecture', 'Graphene', 'Ottoman Empire']",True,4.02,37.54,Stub Class
100158,Regional Study on Lake Baikal (Vol. 9),en,https://en.wikipedia.org/wiki/Regional_Study_on_Lake_Baikal_(Vol._9),"An encyclopedic inquiry into ancient, massive lake in mountainous russian region of siberia. Comprehensive survey covering definitions, historical development, and research implications.",1226,4,8,True,6,"['Geography & Earth', 'Articles on Geography']","['Magna Carta', 'Ring of Fire', 'Sociology of Knowledge', 'Quantum Computing', 'Harappan Civilization', 'Meiji Restoration', 'Classical Music']",True,6.53,72.06,C Class
100159,Global Impact of Behavioral Economics,en,https://en.wikipedia.org/wiki/Global_Impact_of_Behavioral_Economics,"An encyclopedic inquiry into effects of psychological and social factors on economic decisions. Comprehensive survey covering definitions, historical development, and research implications.",1189,5,6,False,0,"['Social Sciences & Philosophy', 'Articles on Social Sciences', 'Open Source Tech Envoy Corpus']","['James Webb Space Telescope', 'Renaissance Art', 'Ring of Fire', 'Graphene', 'Mount Everest', 'Impressionism', 'Kabuki Theatre', 'Baroque Architecture']",True,5.05,56.31,C Class
100160,Applications of Superconductivity,en,https://en.wikipedia.org/wiki/Applications_of_Superconductivity,"An encyclopedic inquiry into zero electrical resistance occurring in certain materials. Comprehensive survey covering definitions, historical development, and research implications.",3565,10,62,True,23,"['Science & Technology', 'Articles on Science', 'Open Source Tech Envoy Corpus']","['Mesopotamia', 'Deep Learning', 'Bauhaus Movement', 'Dark Matter', 'Lake Baikal']",False,17.39,100.0,Good / Featured Article
100161,Regional Study on Nanotechnology,en,https://en.wikipedia.org/wiki/Regional_Study_on_Nanotechnology,"An encyclopedic inquiry into manipulation of matter on an atomic and molecular scale. Comprehensive survey covering definitions, historical development, and research implications.",2070,10,24,True,13,"['Science & Technology', 'Articles on Science', 'Open Source Tech Envoy Corpus']","['Homeric Epics', 'Ring of Fire', 'Mount Everest', 'Space Race', 'Renaissance Humanism']",False,11.59,97.45,B Class
100162,Foundations of Classical Music,en,https://en.wikipedia.org/wiki/Foundations_of_Classical_Music,"An encyclopedic inquiry into art music produced in the traditions of western culture. Comprehensive survey covering definitions, historical development, and research implications.",472,4,3,False,0,"['Literature & Arts', 'Articles on Literature']","['Bauhaus Movement', 'Industrial Revolution', 'Baroque Architecture', 'Ring of Fire', 'Plate Tectonics', 'Byzantine Empire', 'Silk Road', 'Nile River Basin', 'Magna Carta']",True,6.36,46.28,Start Class
100163,Critique of Film Noir (Vol. 4),en,https://en.wikipedia.org/wiki/Critique_of_Film_Noir_(Vol._4),"An encyclopedic inquiry into cinematic term used primarily to describe stylish hollywood crime dramas. Comprehensive survey covering definitions, historical development, and research implications.",1356,7,10,True,10,"['Literature & Arts', 'Articles on Literature']","['Nile River Basin', 'Behavioral Economics', 'Kabuki Theatre', 'Silk Road', 'Ancient Alexandria']",True,7.37,79.55,C Class
100164,History of Ancient Alexandria,en,https://en.wikipedia.org/wiki/History_of_Ancient_Alexandria,"An encyclopedic inquiry into major hellenistic center of commerce and scholarship in egypt. Comprehensive survey covering definitions, historical development, and research implications.",2151,10,22,True,12,"['History & Civilizations', 'Articles on History']","['General Relativity', 'French Revolution', 'Amazon Rainforest', 'Surrealism', 'Industrial Revolution', 'Game Theory', 'Ring of Fire', 'Dark Matter']",False,10.23,93.12,B Class
100165,Philosophy of Nanotechnology,en,https://en.wikipedia.org/wiki/Philosophy_of_Nanotechnology,"An encyclopedic inquiry into manipulation of matter on an atomic and molecular scale. Comprehensive survey covering definitions, historical development, and research implications.",371,3,4,True,2,"['Science & Technology', 'Articles on Science']","['Byzantine Empire', 'Public Health', 'James Webb Space Telescope', 'Homeric Epics', 'Mount Everest', 'Microbiome', 'Impressionism']",True,10.78,61.57,Start Class
100166,Introduction to Classical Music,en,https://en.wikipedia.org/wiki/Introduction_to_Classical_Music,"An encyclopedic inquiry into art music produced in the traditions of western culture. Comprehensive survey covering definitions, historical development, and research implications.",3188,14,45,True,22,"['Literature & Arts', 'Articles on Literature', 'Open Source Tech Envoy Corpus']","['Graphene', 'Mesopotamia', 'Surrealism', 'Ring of Fire', 'Constitutional Law', 'Sociology of Knowledge', 'Plate Tectonics']",False,14.12,100.0,Good / Featured Article
100167,Philosophy of James Webb Space Telescope,en,https://en.wikipedia.org/wiki/Philosophy_of_James_Webb_Space_Telescope,"An encyclopedic inquiry into premier infrared space observatory mission. Comprehensive survey covering definitions, historical development, and research implications.",409,2,4,True,2,"['Science & Technology', 'Articles on Science', 'Open Source Tech Envoy Corpus']","['Galapagos Islands', 'Game Theory', 'Kabuki Theatre', 'Public Health']",True,9.78,63.09,Start Class
100168,Advanced Existentialism,en,https://en.wikipedia.org/wiki/Advanced_Existentialism,"An encyclopedic inquiry into philosophical inquiry that explores the problem of human existence. Comprehensive survey covering definitions, historical development, and research implications.",628,3,1,False,0,"['Social Sciences & Philosophy', 'Articles on Social Sciences']","['Game Theory', 'Ancient Alexandria', 'CRISPR Gene Editing', 'Artificial Intelligence']",True,1.59,37.43,Start Class
100169,Regional Study on Surrealism,en,https://en.wikipedia.org/wiki/Regional_Study_on_Surrealism,"An encyclopedic inquiry into cultural movement beginning in 1920s depicting unnerving scenes. Comprehensive survey covering definitions, historical development, and research implications.",915,5,9,True,9,"['Literature & Arts', 'Articles on Literature']","['Public Health', 'Lake Baikal', 'Sahara Desert', 'Silk Road']",False,9.84,80.58,C Class
100170,History of Higgs Boson,en,https://en.wikipedia.org/wiki/History_of_Higgs_Boson,"An encyclopedic inquiry into elementary particle in the standard model of particle physics. Comprehensive survey covering definitions, historical development, and research implications.",583,2,3,False,0,"['Science & Technology', 'Articles on Science', 'Open Source Tech Envoy Corpus']","['Ancient Alexandria', 'Antarctic Ice Sheet', 'Classical Music', 'Universal Declaration of Human Rights', 'Plate Tectonics', 'Higgs Boson', 'Baroque Architecture', 'Impressionism', 'Ottoman Empire']",True,5.15,44.91,Start Class
100171,Introduction to Photosynthesis,en,https://en.wikipedia.org/wiki/Introduction_to_Photosynthesis,"An encyclopedic inquiry into biological process converting light energy into chemical energy. Comprehensive survey covering definitions, historical development, and research implications.",1546,7,13,False,0,"['Science & Technology', 'Articles on Science', 'Open Source Tech Envoy Corpus']","['Renaissance Humanism', 'Byzantine Empire', 'Artificial Intelligence', 'Industrial Revolution', 'Space Race', 'Existentialism']",False,8.41,66.93,C Class
100172,Foundations of Renaissance Art,en,https://en.wikipedia.org/wiki/Foundations_of_Renaissance_Art,"An encyclopedic inquiry into painting, sculpture, and decorative arts of european renaissance. Comprehensive survey covering definitions, historical development, and research implications.",1276,5,8,True,8,"['Literature & Arts', 'Articles on Literature', 'Open Source Tech Envoy Corpus']","['Surrealism', 'Harappan Civilization', 'Bauhaus Movement', 'Byzantine Empire', 'James Webb Space Telescope']",True,6.27,79.71,C Class
100173,Principles of Film Noir,en,https://en.wikipedia.org/wiki/Principles_of_Film_Noir,"An encyclopedic inquiry into cinematic term used primarily to describe stylish hollywood crime dramas. Comprehensive survey covering definitions, historical development, and research implications.",630,3,3,True,5,"['Literature & Arts', 'Articles on Literature', 'Open Source Tech Envoy Corpus']","['Ancient Alexandria', 'Harappan Civilization', 'Baroque Architecture', 'Microbiome', 'Constitutional Law', 'Nanotechnology', 'Ring of Fire', 'Deep Learning']",True,4.76,62.98,Start Class
100174,Regional Study on Universal Declaration of Human Rights,en,https://en.wikipedia.org/wiki/Regional_Study_on_Universal_Declaration_of_Human_Rights,"An encyclopedic inquiry into milestone document in history of human rights. Comprehensive survey covering definitions, historical development, and research implications.",152,1,0,False,0,"['Social Sciences & Philosophy', 'Articles on Social Sciences', 'Open Source Tech Envoy Corpus']","['Dark Matter', 'Universal Declaration of Human Rights', 'Byzantine Empire', 'Classical Music', 'Existentialism', 'Postmodern Literature', 'General Relativity', 'Mount Everest', 'Amazon Rainforest']",True,0.0,26.31,Stub Class
100175,Regional Study on Nile River Basin,en,https://en.wikipedia.org/wiki/Regional_Study_on_Nile_River_Basin,"An encyclopedic inquiry into major north-flowing river drainage system in northeastern africa. Comprehensive survey covering definitions, historical development, and research implications.",2197,6,29,True,16,"['Geography & Earth', 'Articles on Geography']","['Deep Learning', 'Graphene', 'Renaissance Humanism', 'Mount Everest', 'Amazon Rainforest', 'Superconductivity', 'Classical Music']",False,13.2,95.03,B Class
100176,History of Amazon Rainforest,en,https://en.wikipedia.org/wiki/History_of_Amazon_Rainforest,"An encyclopedic inquiry into moist broadleaf tropical rainforest in the amazon basin. Comprehensive survey covering definitions, historical development, and research implications.",822,6,10,True,9,"['Geography & Earth', 'Articles on Geography', 'Open Source Tech Envoy Corpus']","['Mesopotamia', 'Sahara Desert', 'Antarctic Ice Sheet', 'James Webb Space Telescope', 'Nile River Basin', 'Existentialism', 'Classical Music']",False,12.17,84.19,C Class
100177,History of Thermodynamics,en,https://en.wikipedia.org/wiki/History_of_Thermodynamics,"An encyclopedic inquiry into branch of physics dealing with heat and mechanical energy. Comprehensive survey covering definitions, historical development, and research implications.",938,6,10,True,7,"['Science & Technology', 'Articles on Science']","['Thermodynamics', 'Galapagos Islands', 'James Webb Space Telescope', 'Public Health', 'Ring of Fire', 'CRISPR Gene Editing', 'Ancient Alexandria', 'Mesopotamia']",False,10.66,80.3,C Class
100178,Advanced Space Race,en,https://en.wikipedia.org/wiki/Advanced_Space_Race,"An encyclopedic inquiry into 20th-century competition between soviet union and united states. Comprehensive survey covering definitions, historical development, and research implications.",4090,10,42,True,24,"['History & Civilizations', 'Articles on History', 'Open Source Tech Envoy Corpus']","['Galapagos Islands', 'Nanotechnology', 'Surrealism', 'French Revolution', 'Superconductivity', 'Higgs Boson', 'Public Health', 'Ottoman Empire']",False,10.27,100.0,Good / Featured Article
100179,Principles of Quantum Computing,en,https://en.wikipedia.org/wiki/Principles_of_Quantum_Computing,"An encyclopedic inquiry into computation utilizing quantum mechanical phenomena. Comprehensive survey covering definitions, historical development, and research implications.",993,4,5,True,7,"['Science & Technology', 'Articles on Science']","['Galapagos Islands', 'Mariana Trench', 'Public Health', 'Space Race', 'Microbiome', 'Byzantine Empire', 'Sahara Desert', 'French Revolution']",False,5.04,68.16,C Class
100180,Applications of Quantum Computing,en,https://en.wikipedia.org/wiki/Applications_of_Quantum_Computing,"An encyclopedic inquiry into computation utilizing quantum mechanical phenomena. Comprehensive survey covering definitions, historical development, and research implications.",2320,7,15,True,8,"['Science & Technology', 'Articles on Science', 'Open Source Tech Envoy Corpus']","['Postmodern Literature', 'CRISPR Gene Editing', 'Amazon Rainforest']",False,6.47,87.35,B Class
100181,Critique of Ottoman Empire,en,https://en.wikipedia.org/wiki/Critique_of_Ottoman_Empire,"An encyclopedic inquiry into imperial realm controlling much of southeast europe and western asia. Comprehensive survey covering definitions, historical development, and research implications.",1896,11,21,True,13,"['History & Civilizations', 'Articles on History', 'Open Source Tech Envoy Corpus']","['Universal Declaration of Human Rights', 'Epistemology', 'James Webb Space Telescope', 'Nanotechnology']",False,11.08,95.19,B Class
100182,Global Impact of Antarctic Ice Sheet,en,https://en.wikipedia.org/wiki/Global_Impact_of_Antarctic_Ice_Sheet,"An encyclopedic inquiry into single largest mass of ice on earth covering antarctica. Comprehensive survey covering definitions, historical development, and research implications.",605,4,2,True,6,"['Geography & Earth', 'Articles on Geography']","['Renaissance Humanism', 'Byzantine Empire', 'Magna Carta', 'Deep Learning', 'Homeric Epics', 'Mount Everest', 'Microbiome', 'Mesopotamia', 'Sociology of Knowledge']",True,3.31,59.91,Start Class
100183,History of Great Barrier Reef,en,https://en.wikipedia.org/wiki/History_of_Great_Barrier_Reef,"An encyclopedic inquiry into world's largest coral reef system off queensland, australia. Comprehensive survey covering definitions, historical development, and research implications.",1770,9,10,False,0,"['Geography & Earth', 'Articles on Geography']","['Homeric Epics', 'Space Race', 'Behavioral Economics', 'Mount Everest', 'Renaissance Humanism', 'Bauhaus Movement', 'Mesopotamia', 'Universal Declaration of Human Rights']",False,5.65,58.37,C Class
100184,Applications of Ring of Fire,en,https://en.wikipedia.org/wiki/Applications_of_Ring_of_Fire,"An encyclopedic inquiry into major area in the basin of the pacific ocean where earthquakes occur. Comprehensive survey covering definitions, historical development, and research implications.",203,2,1,False,0,"['Geography & Earth', 'Articles on Geography', 'Open Source Tech Envoy Corpus']","['Public Health', 'Film Noir', 'Deep Learning', 'Constitutional Law', 'Sahara Desert']",True,4.93,37.83,Stub Class
100185,Advanced Nanotechnology,en,https://en.wikipedia.org/wiki/Advanced_Nanotechnology,"An encyclopedic inquiry into manipulation of matter on an atomic and molecular scale. Comprehensive survey covering definitions, historical development, and research implications.",1694,6,20,True,12,"['Science & Technology', 'Articles on Science', 'Open Source Tech Envoy Corpus']","['Meiji Restoration', 'Surrealism', 'General Relativity', 'Amazon Rainforest']",False,11.81,94.0,B Class
100186,Future Trends in Space Race,en,https://en.wikipedia.org/wiki/Future_Trends_in_Space_Race,"An encyclopedic inquiry into 20th-century competition between soviet union and united states. Comprehensive survey covering definitions, historical development, and research implications.",690,3,2,False,0,"['History & Civilizations', 'Articles on History', 'Open Source Tech Envoy Corpus']","['Thermodynamics', 'Plate Tectonics', 'Constitutional Law']",True,2.9,43.82,Start Class
100187,Principles of Meiji Restoration,en,https://en.wikipedia.org/wiki/Principles_of_Meiji_Restoration,"An encyclopedic inquiry into political event that restored practical imperial rule to japan. Comprehensive survey covering definitions, historical development, and research implications.",2744,6,1,True,11,"['History & Civilizations', 'Articles on History']","['Dark Matter', 'Plate Tectonics', 'Game Theory']",True,0.36,67.34,Start Class
100188,Foundations of Postmodern Literature,en,https://en.wikipedia.org/wiki/Foundations_of_Postmodern_Literature,"An encyclopedic inquiry into form of literature characterized by reliance on meta-fiction. Comprehensive survey covering definitions, historical development, and research implications.",2146,8,25,True,12,"['Literature & Arts', 'Articles on Literature']","['Nile River Basin', 'Renaissance Humanism', 'Epistemology', 'Ancient Alexandria']",False,11.65,94.91,B Class
100189,Regional Study on Harappan Civilization (Vol. 10),en,https://en.wikipedia.org/wiki/Regional_Study_on_Harappan_Civilization_(Vol._10),"An encyclopedic inquiry into bronze age civilization in the northwestern regions of south asia. Comprehensive survey covering definitions, historical development, and research implications.",154,2,1,False,0,"['History & Civilizations', 'Articles on History', 'Open Source Tech Envoy Corpus']","['Photosynthesis', 'Constitutional Law', 'Kabuki Theatre', 'Ring of Fire', 'Universal Declaration of Human Rights', 'Renaissance Humanism']",True,6.49,38.72,Stub Class
100190,Foundations of Microbiome (Vol. 1),en,https://en.wikipedia.org/wiki/Foundations_of_Microbiome_(Vol._1),"An encyclopedic inquiry into aggregate of all microbiota residing on or within tissues. Comprehensive survey covering definitions, historical development, and research implications.",1937,9,21,True,11,"['Science & Technology', 'Articles on Science']","['Nile River Basin', 'Renaissance Art', 'Kabuki Theatre', 'Mesopotamia', 'Ancient Alexandria']",False,10.84,91.97,B Class
100191,Regional Study on Great Barrier Reef (Vol. 2),en,https://en.wikipedia.org/wiki/Regional_Study_on_Great_Barrier_Reef_(Vol._2),"An encyclopedic inquiry into world's largest coral reef system off queensland, australia. Comprehensive survey covering definitions, historical development, and research implications.",695,2,3,False,0,"['Geography & Earth', 'Articles on Geography', 'Open Source Tech Envoy Corpus']","['Meiji Restoration', 'Industrial Revolution', 'Universal Declaration of Human Rights', 'Great Barrier Reef', 'Kabuki Theatre', 'Surrealism', 'Game Theory', 'Constitutional Law']",True,4.32,44.59,C Class
100192,Critique of Galapagos Islands,en,https://en.wikipedia.org/wiki/Critique_of_Galapagos_Islands,"An encyclopedic inquiry into volcanic archipelago in pacific ocean known for endemic species. Comprehensive survey covering definitions, historical development, and research implications.",2022,11,18,True,11,"['Geography & Earth', 'Articles on Geography', 'Open Source Tech Envoy Corpus']","['Surrealism', 'James Webb Space Telescope', 'Mount Everest', 'CRISPR Gene Editing', 'Thermodynamics', 'Homeric Epics', 'Existentialism']",False,8.9,92.08,B Class
100193,Foundations of Thermodynamics,en,https://en.wikipedia.org/wiki/Foundations_of_Thermodynamics,"An encyclopedic inquiry into branch of physics dealing with heat and mechanical energy. Comprehensive survey covering definitions, historical development, and research implications.",2282,11,29,True,15,"['Science & Technology', 'Articles on Science', 'Open Source Tech Envoy Corpus']","['Lake Baikal', 'Sahara Desert', 'Harappan Civilization', 'James Webb Space Telescope']",False,12.71,98.56,B Class
100194,History of Quantum Computing,en,https://en.wikipedia.org/wiki/History_of_Quantum_Computing,"An encyclopedic inquiry into computation utilizing quantum mechanical phenomena. Comprehensive survey covering definitions, historical development, and research implications.",817,7,12,True,5,"['Science & Technology', 'Articles on Science', 'Open Source Tech Envoy Corpus']","['Artificial Intelligence', 'Quantum Computing', 'Mount Everest', 'Kabuki Theatre', 'Silk Road', 'Galapagos Islands']",False,14.69,81.61,C Class
100195,Regional Study on Photosynthesis,en,https://en.wikipedia.org/wiki/Regional_Study_on_Photosynthesis,"An encyclopedic inquiry into biological process converting light energy into chemical energy. Comprehensive survey covering definitions, historical development, and research implications.",2414,6,26,True,13,"['Science & Technology', 'Articles on Science']","['Baroque Architecture', 'Mount Everest', 'Industrial Revolution', 'Sociology of Knowledge']",False,10.77,95.53,Good / Featured Article
100196,Critique of Ottoman Empire (Vol. 7),en,https://en.wikipedia.org/wiki/Critique_of_Ottoman_Empire_(Vol._7),"An encyclopedic inquiry into imperial realm controlling much of southeast europe and western asia. Comprehensive survey covering definitions, historical development, and research implications.",1188,7,10,False,0,"['History & Civilizations', 'Articles on History']","['Microbiome', 'Magna Carta', 'Classical Music', 'General Relativity', 'Surrealism', 'Behavioral Economics', 'Universal Declaration of Human Rights', 'CRISPR Gene Editing']",False,8.42,60.43,C Class
100197,Philosophy of Graphene,en,https://en.wikipedia.org/wiki/Philosophy_of_Graphene,"An encyclopedic inquiry into two-dimensional carbon allotrope with exceptional tensile strength. Comprehensive survey covering definitions, historical development, and research implications.",1035,7,7,False,0,"['Science & Technology', 'Articles on Science', 'Open Source Tech Envoy Corpus']","['Surrealism', 'Behavioral Economics', 'Meiji Restoration', 'Antarctic Ice Sheet', 'Photosynthesis', 'Mount Everest']",True,6.76,58.74,C Class
100198,Principles of Classical Music,en,https://en.wikipedia.org/wiki/Principles_of_Classical_Music,"An encyclopedic inquiry into art music produced in the traditions of western culture. Comprehensive survey covering definitions, historical development, and research implications.",270,2,2,True,3,"['Literature & Arts', 'Articles on Literature']","['Homeric Epics', 'CRISPR Gene Editing', 'Higgs Boson', 'Renaissance Humanism', 'Quantum Computing', 'Dark Matter', 'Renaissance Art']",True,7.41,54.07,Stub Class
100199,Global Impact of Graphene,en,https://en.wikipedia.org/wiki/Global_Impact_of_Graphene,"An encyclopedic inquiry into two-dimensional carbon allotrope with exceptional tensile strength. Comprehensive survey covering definitions, historical development, and research implications.",2305,10,16,True,13,"['Science & Technology', 'Articles on Science', 'Open Source Tech Envoy Corpus']","['Public Health', 'Space Race', 'Classical Music', 'Galapagos Islands', 'Meiji Restoration', 'Existentialism', 'Universal Declaration of Human Rights', 'Game Theory', 'Nanotechnology']",False,6.94,88.63,B Class
100200,Philosophy of James Webb Space Telescope (Vol. 1),en,https://en.wikipedia.org/wiki/Philosophy_of_James_Webb_Space_Telescope_(Vol._1),"An encyclopedic inquiry into premier infrared space observatory mission. Comprehensive survey covering definitions, historical development, and research implications.",1261,5,11,True,7,"['Science & Technology', 'Articles on Science', 'Open Source Tech Envoy Corpus']","['Thermodynamics', 'Meiji Restoration', 'Postmodern Literature', 'Epistemology', 'Baroque Architecture', 'Sociology of Knowledge', 'Ottoman Empire', 'Renaissance Humanism', 'Quantum Computing']",False,8.72,83.87,C Class
100201,Global Impact of Classical Music (Vol. 2),en,https://en.wikipedia.org/wiki/Global_Impact_of_Classical_Music_(Vol._2),"An encyclopedic inquiry into art music produced in the traditions of western culture. Comprehensive survey covering definitions, historical development, and research implications.",685,2,1,False,0,"['Literature & Arts', 'Articles on Literature', 'Open Source Tech Envoy Corpus']","['Epistemology', 'Baroque Architecture', 'Ancient Alexandria']",True,1.46,39.02,Start Class
100202,Foundations of Space Race,en,https://en.wikipedia.org/wiki/Foundations_of_Space_Race,"An encyclopedic inquiry into 20th-century competition between soviet union and united states. Comprehensive survey covering definitions, historical development, and research implications.",322,3,3,False,0,"['History & Civilizations', 'Articles on History']","['Game Theory', 'Space Race', 'Renaissance Humanism', 'Harappan Civilization']",True,9.32,46.71,Start Class
100203,Philosophy of Silk Road,en,https://en.wikipedia.org/wiki/Philosophy_of_Silk_Road,"An encyclopedic inquiry into historic network of eurasian trade routes connecting east and west. Comprehensive survey covering definitions, historical development, and research implications.",1626,8,16,True,16,"['History & Civilizations', 'Articles on History', 'Open Source Tech Envoy Corpus']","['Mariana Trench', 'Amazon Rainforest', 'Nile River Basin', 'Lake Baikal']",False,9.84,91.14,B Class
100204,Global Impact of General Relativity,en,https://en.wikipedia.org/wiki/Global_Impact_of_General_Relativity,"An encyclopedic inquiry into geometric theory of gravitation published by albert einstein. Comprehensive survey covering definitions, historical development, and research implications.",1372,5,7,True,5,"['Science & Technology', 'Articles on Science']","['Space Race', 'Artificial Intelligence', 'Ancient Alexandria', 'Mesopotamia', 'Epistemology']",False,5.1,70.65,C Class
100205,Principles of Magna Carta,en,https://en.wikipedia.org/wiki/Principles_of_Magna_Carta,"An encyclopedic inquiry into royal charter of rights agreed to by king john of england. Comprehensive survey covering definitions, historical development, and research implications.",1295,6,5,False,0,"['History & Civilizations', 'Articles on History', 'Open Source Tech Envoy Corpus']","['Graphene', 'Mariana Trench', 'Silk Road']",False,3.86,54.37,C Class
100206,Critique of Impressionism,en,https://en.wikipedia.org/wiki/Critique_of_Impressionism,"An encyclopedic inquiry into 19th-century art movement characterized by visible brush strokes. Comprehensive survey covering definitions, historical development, and research implications.",1205,7,9,True,6,"['Literature & Arts', 'Articles on Literature']","['Sahara Desert', 'Photosynthesis', 'Nanotechnology', 'Magna Carta']",False,7.47,75.98,C Class
100207,Future Trends in Mariana Trench,en,https://en.wikipedia.org/wiki/Future_Trends_in_Mariana_Trench,"An encyclopedic inquiry into deepest oceanic trench on earth located in western pacific. Comprehensive survey covering definitions, historical development, and research implications.",1643,8,10,False,0,"['Geography & Earth', 'Articles on Geography']","['Magna Carta', 'Renaissance Humanism', 'Postmodern Literature', 'Bauhaus Movement']",False,6.09,58.64,C Class
100208,Principles of Renaissance Humanism,en,https://en.wikipedia.org/wiki/Principles_of_Renaissance_Humanism,"An encyclopedic inquiry into intellectual movement originating in 14th-century italy. Comprehensive survey covering definitions, historical development, and research implications.",608,4,2,True,3,"['History & Civilizations', 'Articles on History']","['Great Barrier Reef', 'Antarctic Ice Sheet', 'Behavioral Economics', 'Byzantine Empire', 'Renaissance Humanism', 'Space Race', 'Silk Road', 'Ottoman Empire']",True,3.29,56.16,Start Class
100209,Regional Study on Classical Music,en,https://en.wikipedia.org/wiki/Regional_Study_on_Classical_Music,"An encyclopedic inquiry into art music produced in the traditions of western culture. Comprehensive survey covering definitions, historical development, and research implications.",2885,14,55,True,15,"['Literature & Arts', 'Articles on Literature', 'Open Source Tech Envoy Corpus']","['Sahara Desert', 'Film Noir', 'Dark Matter', 'Amazon Rainforest', 'Ancient Alexandria', 'Bauhaus Movement', 'Thermodynamics', 'Mesopotamia']",False,19.06,99.8,Good / Featured Article
100210,Future Trends in Industrial Revolution,en,https://en.wikipedia.org/wiki/Future_Trends_in_Industrial_Revolution,"An encyclopedic inquiry into transition to new manufacturing processes in europe and us. Comprehensive survey covering definitions, historical development, and research implications.",2147,11,30,True,14,"['History & Civilizations', 'Articles on History', 'Open Source Tech Envoy Corpus']","['Behavioral Economics', 'Space Race', 'Thermodynamics', 'Amazon Rainforest', 'Postmodern Literature', 'Ring of Fire']",False,13.97,98.24,B Class
100211,History of Galapagos Islands,en,https://en.wikipedia.org/wiki/History_of_Galapagos_Islands,"An encyclopedic inquiry into volcanic archipelago in pacific ocean known for endemic species. Comprehensive survey covering definitions, historical development, and research implications.",375,4,2,True,3,"['Geography & Earth', 'Articles on Geography', 'Open Source Tech Envoy Corpus']","['Bauhaus Movement', 'Constitutional Law', 'Galapagos Islands', 'Postmodern Literature', 'Impressionism']",True,5.33,60.01,Start Class
100212,Global Impact of Surrealism,en,https://en.wikipedia.org/wiki/Global_Impact_of_Surrealism,"An encyclopedic inquiry into cultural movement beginning in 1920s depicting unnerving scenes. Comprehensive survey covering definitions, historical development, and research implications.",3054,18,51,True,20,"['Literature & Arts', 'Articles on Literature']","['Classical Music', 'Surrealism', 'Ottoman Empire', 'Universal Declaration of Human Rights', 'Meiji Restoration', 'Mariana Trench', 'Photosynthesis', 'Artificial Intelligence']",False,16.7,96.67,Good / Featured Article
100213,Foundations of Renaissance Art (Vol. 4),en,https://en.wikipedia.org/wiki/Foundations_of_Renaissance_Art_(Vol._4),"An encyclopedic inquiry into painting, sculpture, and decorative arts of european renaissance. Comprehensive survey covering definitions, historical development, and research implications.",954,4,9,True,6,"['Literature & Arts', 'Articles on Literature', 'Open Source Tech Envoy Corpus']","['Harappan Civilization', 'Ottoman Empire', 'Sahara Desert', 'Epistemology', 'Classical Music', 'Renaissance Art']",False,9.43,79.02,C Class
100214,Philosophy of General Relativity,en,https://en.wikipedia.org/wiki/Philosophy_of_General_Relativity,"An encyclopedic inquiry into geometric theory of gravitation published by albert einstein. Comprehensive survey covering definitions, historical development, and research implications.",84,2,1,False,0,"['Science & Technology', 'Articles on Science']","['Deep Learning', 'French Revolution', 'Magna Carta', 'Meiji Restoration', 'Sahara Desert', 'Dark Matter', 'Mount Everest', 'Ring of Fire']",True,11.9,37.46,Stub Class
100215,History of Magna Carta,en,https://en.wikipedia.org/wiki/History_of_Magna_Carta,"An encyclopedic inquiry into royal charter of rights agreed to by king john of england. Comprehensive survey covering definitions, historical development, and research implications.",233,1,0,False,0,"['History & Civilizations', 'Articles on History', 'Open Source Tech Envoy Corpus']","['Quantum Computing', 'Public Health', 'Meiji Restoration']",True,0.0,28.56,Stub Class
100216,Introduction to Nile River Basin (Vol. 7),en,https://en.wikipedia.org/wiki/Introduction_to_Nile_River_Basin_(Vol._7),"An encyclopedic inquiry into major north-flowing river drainage system in northeastern africa. Comprehensive survey covering definitions, historical development, and research implications.",1242,4,10,True,5,"['Geography & Earth', 'Articles on Geography']","['Sahara Desert', 'Microbiome', 'Constitutional Law', 'Ottoman Empire', 'Impressionism', 'Higgs Boson']",False,8.05,74.35,C Class
100217,Advanced Mariana Trench,en,https://en.wikipedia.org/wiki/Advanced_Mariana_Trench,"An encyclopedic inquiry into deepest oceanic trench on earth located in western pacific. Comprehensive survey covering definitions, historical development, and research implications.",2728,11,53,True,24,"['Geography & Earth', 'Articles on Geography', 'Open Source Tech Envoy Corpus']","['Dark Matter', 'Silk Road', 'Universal Declaration of Human Rights', 'Film Noir']",False,19.43,99.5,Good / Featured Article
100218,Introduction to Galapagos Islands,en,https://en.wikipedia.org/wiki/Introduction_to_Galapagos_Islands,"An encyclopedic inquiry into volcanic archipelago in pacific ocean known for endemic species. Comprehensive survey covering definitions, historical development, and research implications.",1340,7,9,True,8,"['Geography & Earth', 'Articles on Geography', 'Open Source Tech Envoy Corpus']","['Sahara Desert', 'Superconductivity', 'Industrial Revolution', 'Homeric Epics']",False,6.72,81.24,C Class
100219,Critique of French Revolution,en,https://en.wikipedia.org/wiki/Critique_of_French_Revolution,"An encyclopedic inquiry into period of radical political and societal change in france. Comprehensive survey covering definitions, historical development, and research implications.",442,2,3,False,0,"['History & Civilizations', 'Articles on History']","['Classical Music', 'Film Noir', 'Constitutional Law', 'Magna Carta', 'Baroque Architecture', 'Renaissance Art', 'General Relativity', 'Public Health', 'Nanotechnology']",True,6.79,42.58,Start Class
100220,Introduction to Bauhaus Movement (Vol. 1),en,https://en.wikipedia.org/wiki/Introduction_to_Bauhaus_Movement_(Vol._1),"An encyclopedic inquiry into german art school operational from 1919 to 1933 combining crafts. Comprehensive survey covering definitions, historical development, and research implications.",1350,5,6,True,5,"['Literature & Arts', 'Articles on Literature', 'Open Source Tech Envoy Corpus']","['Postmodern Literature', 'Nanotechnology', 'Antarctic Ice Sheet', 'Space Race', 'Mariana Trench', 'Higgs Boson']",False,4.44,72.31,C Class
100221,Critique of Existentialism,en,https://en.wikipedia.org/wiki/Critique_of_Existentialism,"An encyclopedic inquiry into philosophical inquiry that explores the problem of human existence. Comprehensive survey covering definitions, historical development, and research implications.",670,3,4,True,5,"['Social Sciences & Philosophy', 'Articles on Social Sciences', 'Open Source Tech Envoy Corpus']","['French Revolution', 'Artificial Intelligence', 'Great Barrier Reef', 'Nanotechnology', 'Plate Tectonics', 'Space Race', 'Nile River Basin', 'Lake Baikal', 'Surrealism']",True,5.97,65.72,C Class
100222,Introduction to Great Barrier Reef,en,https://en.wikipedia.org/wiki/Introduction_to_Great_Barrier_Reef,"An encyclopedic inquiry into world's largest coral reef system off queensland, australia. Comprehensive survey covering definitions, historical development, and research implications.",3162,18,42,True,16,"['Geography & Earth', 'Articles on Geography']","['Behavioral Economics', 'Universal Declaration of Human Rights', 'Microbiome']",False,13.28,96.67,Good / Featured Article
100223,Critique of Graphene,en,https://en.wikipedia.org/wiki/Critique_of_Graphene,"An encyclopedic inquiry into two-dimensional carbon allotrope with exceptional tensile strength. Comprehensive survey covering definitions, historical development, and research implications.",1175,4,12,True,7,"['Science & Technology', 'Articles on Science', 'Open Source Tech Envoy Corpus']","['Epistemology', 'Great Barrier Reef', 'Nile River Basin', 'Lake Baikal', 'Superconductivity', 'Antarctic Ice Sheet', 'Behavioral Economics', 'Silk Road', 'Galapagos Islands']",False,10.21,84.02,C Class
100224,Philosophy of Mariana Trench,en,https://en.wikipedia.org/wiki/Philosophy_of_Mariana_Trench,"An encyclopedic inquiry into deepest oceanic trench on earth located in western pacific. Comprehensive survey covering definitions, historical development, and research implications.",380,2,2,True,6,"['Geography & Earth', 'Articles on Geography', 'Open Source Tech Envoy Corpus']","['Universal Declaration of Human Rights', 'Byzantine Empire', 'Magna Carta', 'CRISPR Gene Editing', 'Amazon Rainforest', 'Industrial Revolution', 'French Revolution', 'General Relativity']",True,5.26,59.72,Start Class
100225,Contemporary Bauhaus Movement,en,https://en.wikipedia.org/wiki/Contemporary_Bauhaus_Movement,"An encyclopedic inquiry into german art school operational from 1919 to 1933 combining crafts. Comprehensive survey covering definitions, historical development, and research implications.",205,2,1,False,0,"['Literature & Arts', 'Articles on Literature', 'Open Source Tech Envoy Corpus']","['Impressionism', 'Mariana Trench', 'Graphene', 'Baroque Architecture', 'Nanotechnology', 'Dark Matter', 'Epistemology']",True,4.88,37.81,Stub Class
100226,Contemporary Graphene,en,https://en.wikipedia.org/wiki/Contemporary_Graphene,"An encyclopedic inquiry into two-dimensional carbon allotrope with exceptional tensile strength. Comprehensive survey covering definitions, historical development, and research implications.",1195,8,10,False,0,"['Science & Technology', 'Articles on Science', 'Open Source Tech Envoy Corpus']","['Ancient Alexandria', 'Antarctic Ice Sheet', 'Silk Road', 'Public Health', 'Lake Baikal']",False,8.37,63.71,C Class
100227,Principles of James Webb Space Telescope (Vol. 8),en,https://en.wikipedia.org/wiki/Principles_of_James_Webb_Space_Telescope_(Vol._8),"An encyclopedic inquiry into premier infrared space observatory mission. Comprehensive survey covering definitions, historical development, and research implications.",272,2,0,False,0,"['Science & Technology', 'Articles on Science', 'Open Source Tech Envoy Corpus']","['Bauhaus Movement', 'Nanotechnology', 'Byzantine Empire', 'Deep Learning']",True,0.0,31.37,Stub Class
100228,Future Trends in Antarctic Ice Sheet (Vol. 9),en,https://en.wikipedia.org/wiki/Future_Trends_in_Antarctic_Ice_Sheet_(Vol._9),"An encyclopedic inquiry into single largest mass of ice on earth covering antarctica. Comprehensive survey covering definitions, historical development, and research implications.",2127,11,22,True,13,"['Geography & Earth', 'Articles on Geography']","['Space Race', 'Amazon Rainforest', 'Thermodynamics', 'Impressionism', 'Behavioral Economics', 'Epistemology']",False,10.34,93.06,B Class
100229,Critique of Sahara Desert,en,https://en.wikipedia.org/wiki/Critique_of_Sahara_Desert,"An encyclopedic inquiry into largest hot desert in the world covering north africa. Comprehensive survey covering definitions, historical development, and research implications.",1269,4,9,True,7,"['Geography & Earth', 'Articles on Geography']","['Epistemology', 'Public Health', 'Kabuki Theatre']",False,7.09,74.93,C Class
100230,Applications of Mariana Trench,en,https://en.wikipedia.org/wiki/Applications_of_Mariana_Trench,"An encyclopedic inquiry into deepest oceanic trench on earth located in western pacific. Comprehensive survey covering definitions, historical development, and research implications.",1296,4,9,False,0,"['Geography & Earth', 'Articles on Geography']","['Existentialism', 'Ancient Alexandria', 'Meiji Restoration', 'Nile River Basin', 'Antarctic Ice Sheet']",False,6.94,56.06,C Class
100231,Critique of Existentialism (Vol. 2),en,https://en.wikipedia.org/wiki/Critique_of_Existentialism_(Vol._2),"An encyclopedic inquiry into philosophical inquiry that explores the problem of human existence. Comprehensive survey covering definitions, historical development, and research implications.",3161,15,37,True,16,"['Social Sciences & Philosophy', 'Articles on Social Sciences']","['Graphene', 'Amazon Rainforest', 'Sahara Desert', 'Artificial Intelligence', 'Mariana Trench', 'Plate Tectonics', 'Bauhaus Movement', 'Nanotechnology', 'Surrealism']",False,11.71,96.67,Good / Featured Article
100232,Contemporary General Relativity,en,https://en.wikipedia.org/wiki/Contemporary_General_Relativity,"An encyclopedic inquiry into geometric theory of gravitation published by albert einstein. Comprehensive survey covering definitions, historical development, and research implications.",366,2,1,False,0,"['Science & Technology', 'Articles on Science', 'Open Source Tech Envoy Corpus']","['Graphene', 'James Webb Space Telescope', 'Ottoman Empire', 'Impressionism', 'Magna Carta', 'Kabuki Theatre', 'Bauhaus Movement', 'Microbiome']",True,2.73,37.63,Start Class
100233,Introduction to Thermodynamics,en,https://en.wikipedia.org/wiki/Introduction_to_Thermodynamics,"An encyclopedic inquiry into branch of physics dealing with heat and mechanical energy. Comprehensive survey covering definitions, historical development, and research implications.",1232,7,6,False,0,"['Science & Technology', 'Articles on Science', 'Open Source Tech Envoy Corpus']","['Classical Music', 'Amazon Rainforest', 'Artificial Intelligence', 'Sociology of Knowledge', 'Bauhaus Movement', 'Meiji Restoration', 'Superconductivity']",False,4.87,56.23,C Class
100234,Philosophy of Kabuki Theatre,en,https://en.wikipedia.org/wiki/Philosophy_of_Kabuki_Theatre,"An encyclopedic inquiry into classical japanese dance-drama known for stylized drama and makeup. Comprehensive survey covering definitions, historical development, and research implications.",1736,6,18,True,16,"['Literature & Arts', 'Articles on Literature', 'Open Source Tech Envoy Corpus']","['Magna Carta', 'Nanotechnology', 'Space Race', 'Epistemology', 'Sociology of Knowledge']",False,10.37,92.92,B Class
100235,History of Antarctic Ice Sheet,en,https://en.wikipedia.org/wiki/History_of_Antarctic_Ice_Sheet,"An encyclopedic inquiry into single largest mass of ice on earth covering antarctica. Comprehensive survey covering definitions, historical development, and research implications.",397,4,4,True,3,"['Geography & Earth', 'Articles on Geography', 'Open Source Tech Envoy Corpus']","['Amazon Rainforest', 'French Revolution', 'Kabuki Theatre', 'Dark Matter']",True,10.08,68.51,Start Class
100236,Philosophy of General Relativity (Vol. 7),en,https://en.wikipedia.org/wiki/Philosophy_of_General_Relativity_(Vol._7),"An encyclopedic inquiry into geometric theory of gravitation published by albert einstein. Comprehensive survey covering definitions, historical development, and research implications.",2039,7,24,True,11,"['Science & Technology', 'Articles on Science']","['Renaissance Art', 'Kabuki Theatre', 'Space Race']",False,11.77,94.04,B Class
100237,Future Trends in Silk Road,en,https://en.wikipedia.org/wiki/Future_Trends_in_Silk_Road,"An encyclopedic inquiry into historic network of eurasian trade routes connecting east and west. Comprehensive survey covering definitions, historical development, and research implications.",3948,14,63,True,15,"['History & Civilizations', 'Articles on History']","['Postmodern Literature', 'Public Health', 'Kabuki Theatre', 'Existentialism', 'Ancient Alexandria', 'Epistemology', 'Bauhaus Movement']",False,15.96,96.67,Good / Featured Article
100238,Global Impact of Mount Everest,en,https://en.wikipedia.org/wiki/Global_Impact_of_Mount_Everest,"An encyclopedic inquiry into earth's highest mountain above sea level in mahalangur himal. Comprehensive survey covering definitions, historical development, and research implications.",1311,4,5,True,6,"['Geography & Earth', 'Articles on Geography']","['Ottoman Empire', 'Ancient Alexandria', 'Surrealism', 'James Webb Space Telescope', 'Behavioral Economics', 'Byzantine Empire', 'Great Barrier Reef', 'Space Race']",False,3.81,66.53,C Class
100239,Global Impact of Existentialism (Vol. 10),en,https://en.wikipedia.org/wiki/Global_Impact_of_Existentialism_(Vol._10),"An encyclopedic inquiry into philosophical inquiry that explores the problem of human existence. Comprehensive survey covering definitions, historical development, and research implications.",814,5,8,False,0,"['Social Sciences & Philosophy', 'Articles on Social Sciences', 'Open Source Tech Envoy Corpus']","['Classical Music', 'Higgs Boson', 'Universal Declaration of Human Rights', 'Ring of Fire', 'Epistemology', 'Thermodynamics', 'Quantum Computing']",False,9.83,62.69,C Class
100240,Advanced Behavioral Economics,en,https://en.wikipedia.org/wiki/Advanced_Behavioral_Economics,"An encyclopedic inquiry into effects of psychological and social factors on economic decisions. Comprehensive survey covering definitions, historical development, and research implications.",1350,6,6,False,0,"['Social Sciences & Philosophy', 'Articles on Social Sciences', 'Open Source Tech Envoy Corpus']","['Film Noir', 'Lake Baikal', 'Epistemology', 'Mesopotamia', 'Mariana Trench', 'Bauhaus Movement', 'Ottoman Empire', 'General Relativity']",False,4.44,56.06,C Class
100241,Introduction to Dark Matter,en,https://en.wikipedia.org/wiki/Introduction_to_Dark_Matter,"An encyclopedic inquiry into hypothetical form of matter thought to account for 85% of matter. Comprehensive survey covering definitions, historical development, and research implications.",1247,4,7,False,0,"['Science & Technology', 'Articles on Science']","['Renaissance Art', 'Impressionism', 'Universal Declaration of Human Rights', 'Surrealism', 'Classical Music', 'Constitutional Law']",True,5.61,52.67,C Class
100242,Critique of Superconductivity,en,https://en.wikipedia.org/wiki/Critique_of_Superconductivity,"An encyclopedic inquiry into zero electrical resistance occurring in certain materials. Comprehensive survey covering definitions, historical development, and research implications.",409,2,1,True,2,"['Science & Technology', 'Articles on Science', 'Open Source Tech Envoy Corpus']","['Magna Carta', 'Homeric Epics', 'Game Theory']",True,2.44,50.28,Start Class
100243,Critique of Graphene (Vol. 4),en,https://en.wikipedia.org/wiki/Critique_of_Graphene_(Vol._4),"An encyclopedic inquiry into two-dimensional carbon allotrope with exceptional tensile strength. Comprehensive survey covering definitions, historical development, and research implications.",2799,10,1,True,6,"['Science & Technology', 'Articles on Science']","['Mount Everest', 'Behavioral Economics', 'Sociology of Knowledge', 'Kabuki Theatre', 'Industrial Revolution', 'Graphene', 'Harappan Civilization']",True,0.36,64.94,Start Class
100244,History of Epistemology,en,https://en.wikipedia.org/wiki/History_of_Epistemology,"An encyclopedic inquiry into branch of philosophy concerned with nature and scope of knowledge. Comprehensive survey covering definitions, historical development, and research implications.",1308,6,11,False,0,"['Social Sciences & Philosophy', 'Articles on Social Sciences', 'Open Source Tech Envoy Corpus']","['Silk Road', 'Mount Everest', 'Thermodynamics', 'Industrial Revolution', 'Film Noir', 'Antarctic Ice Sheet']",True,8.41,64.85,C Class
100245,Contemporary Graphene (Vol. 6),en,https://en.wikipedia.org/wiki/Contemporary_Graphene_(Vol._6),"An encyclopedic inquiry into two-dimensional carbon allotrope with exceptional tensile strength. Comprehensive survey covering definitions, historical development, and research implications.",2483,7,14,True,8,"['Science & Technology', 'Articles on Science']","['Photosynthesis', 'Antarctic Ice Sheet', 'Classical Music', 'Kabuki Theatre', 'Superconductivity', 'Microbiome', 'Game Theory', 'Lake Baikal', 'Artificial Intelligence']",False,5.64,82.53,B Class
100246,Contemporary Ring of Fire,en,https://en.wikipedia.org/wiki/Contemporary_Ring_of_Fire,"An encyclopedic inquiry into major area in the basin of the pacific ocean where earthquakes occur. Comprehensive survey covering definitions, historical development, and research implications.",1229,6,7,False,0,"['Geography & Earth', 'Articles on Geography', 'Open Source Tech Envoy Corpus']","['Higgs Boson', 'Public Health', 'CRISPR Gene Editing', 'Nile River Basin']",True,5.7,58.06,C Class
100247,Principles of Renaissance Humanism (Vol. 8),en,https://en.wikipedia.org/wiki/Principles_of_Renaissance_Humanism_(Vol._8),"An encyclopedic inquiry into intellectual movement originating in 14th-century italy. Comprehensive survey covering definitions, historical development, and research implications.",71,1,1,True,3,"['History & Civilizations', 'Articles on History', 'Open Source Tech Envoy Corpus']","['Harappan Civilization', 'Superconductivity', 'Lake Baikal', 'Classical Music', 'James Webb Space Telescope', 'Higgs Boson', 'Microbiome']",True,14.08,51.66,Stub Class
100248,Principles of Epistemology,en,https://en.wikipedia.org/wiki/Principles_of_Epistemology,"An encyclopedic inquiry into branch of philosophy concerned with nature and scope of knowledge. Comprehensive survey covering definitions, historical development, and research implications.",1048,6,11,True,7,"['Social Sciences & Philosophy', 'Articles on Social Sciences', 'Open Source Tech Envoy Corpus']","['Sahara Desert', 'Artificial Intelligence', 'Harappan Civilization', 'Plate Tectonics', 'Ancient Alexandria', 'Antarctic Ice Sheet', 'Magna Carta']",True,10.5,84.82,C Class
100249,Applications of Epistemology,en,https://en.wikipedia.org/wiki/Applications_of_Epistemology,"An encyclopedic inquiry into branch of philosophy concerned with nature and scope of knowledge. Comprehensive survey covering definitions, historical development, and research implications.",497,3,1,False,0,"['Social Sciences & Philosophy', 'Articles on Social Sciences']","['Universal Declaration of Human Rights', 'Behavioral Economics', 'Byzantine Empire', 'Deep Learning', 'Artificial Intelligence', 'Mesopotamia', 'Quantum Computing']",True,2.01,36.83,Start Class
100250,Advanced Homeric Epics,en,https://en.wikipedia.org/wiki/Advanced_Homeric_Epics,"An encyclopedic inquiry into ancient greek epic poems attributed to homer: iliad and odyssey. Comprehensive survey covering definitions, historical development, and research implications.",96,2,2,False,0,"['Literature & Arts', 'Articles on Literature', 'Open Source Tech Envoy Corpus']","['Magna Carta', 'Photosynthesis', 'Dark Matter', 'Mount Everest', 'Byzantine Empire', 'Mesopotamia', 'Great Barrier Reef', 'James Webb Space Telescope']",True,20.83,42.1,Stub Class
100251,Regional Study on Microbiome,en,https://en.wikipedia.org/wiki/Regional_Study_on_Microbiome,"An encyclopedic inquiry into aggregate of all microbiota residing on or within tissues. Comprehensive survey covering definitions, historical development, and research implications.",1203,4,5,True,5,"['Science & Technology', 'Articles on Science', 'Open Source Tech Envoy Corpus']","['Sahara Desert', 'Game Theory', 'General Relativity', 'Renaissance Art', 'Photosynthesis']",False,4.16,68.68,C Class
100252,Contemporary Industrial Revolution,en,https://en.wikipedia.org/wiki/Contemporary_Industrial_Revolution,"An encyclopedic inquiry into transition to new manufacturing processes in europe and us. Comprehensive survey covering definitions, historical development, and research implications.",1352,6,0,True,12,"['History & Civilizations', 'Articles on History']","['Bauhaus Movement', 'Existentialism', 'Game Theory', 'Renaissance Humanism', 'Constitutional Law', 'Amazon Rainforest']",True,0.0,62.48,Start Class
100253,Global Impact of Epistemology (Vol. 4),en,https://en.wikipedia.org/wiki/Global_Impact_of_Epistemology_(Vol._4),"An encyclopedic inquiry into branch of philosophy concerned with nature and scope of knowledge. Comprehensive survey covering definitions, historical development, and research implications.",1723,7,25,True,15,"['Social Sciences & Philosophy', 'Articles on Social Sciences']","['Graphene', 'Amazon Rainforest', 'Sahara Desert']",False,14.51,93.75,B Class
100254,Critique of Magna Carta (Vol. 5),en,https://en.wikipedia.org/wiki/Critique_of_Magna_Carta_(Vol._5),"An encyclopedic inquiry into royal charter of rights agreed to by king john of england. Comprehensive survey covering definitions, historical development, and research implications.",2446,7,15,True,13,"['History & Civilizations', 'Articles on History', 'Open Source Tech Envoy Corpus']","['General Relativity', 'Graphene', 'Constitutional Law']",False,6.13,87.12,B Class
100255,Philosophy of Deep Learning,en,https://en.wikipedia.org/wiki/Philosophy_of_Deep_Learning,"An encyclopedic inquiry into subset of machine learning based on artificial neural networks. Comprehensive survey covering definitions, historical development, and research implications.",409,3,1,True,6,"['Science & Technology', 'Articles on Science']","['Ottoman Empire', 'Lake Baikal', 'James Webb Space Telescope', 'Classical Music', 'Magna Carta']",True,2.44,53.95,Start Class
100256,Regional Study on Game Theory,en,https://en.wikipedia.org/wiki/Regional_Study_on_Game_Theory,"An encyclopedic inquiry into mathematical study of strategic interaction among rational agents. Comprehensive survey covering definitions, historical development, and research implications.",2399,7,21,True,11,"['Social Sciences & Philosophy', 'Articles on Social Sciences']","['Photosynthesis', 'Constitutional Law', 'Behavioral Economics', 'Nanotechnology', 'Superconductivity', 'Artificial Intelligence']",False,8.75,91.22,B Class
100257,Advanced Sociology of Knowledge,en,https://en.wikipedia.org/wiki/Advanced_Sociology_of_Knowledge,"An encyclopedic inquiry into study of relationship between human thought and social context. Comprehensive survey covering definitions, historical development, and research implications.",1254,4,6,True,10,"['Social Sciences & Philosophy', 'Articles on Social Sciences']","['Surrealism', 'General Relativity', 'Renaissance Art', 'Sociology of Knowledge', 'Industrial Revolution', 'Thermodynamics', 'Quantum Computing', 'Epistemology']",True,4.78,70.85,C Class
100258,History of Superconductivity (Vol. 9),en,https://en.wikipedia.org/wiki/History_of_Superconductivity_(Vol._9),"An encyclopedic inquiry into zero electrical resistance occurring in certain materials. Comprehensive survey covering definitions, historical development, and research implications.",2008,5,1,True,9,"['Science & Technology', 'Articles on Science', 'Open Source Tech Envoy Corpus']","['Graphene', 'Antarctic Ice Sheet', 'Mariana Trench']",True,0.5,69.24,Start Class
100259,Advanced Classical Music,en,https://en.wikipedia.org/wiki/Advanced_Classical_Music,"An encyclopedic inquiry into art music produced in the traditions of western culture. Comprehensive survey covering definitions, historical development, and research implications.",2234,11,21,True,12,"['Literature & Arts', 'Articles on Literature']","['Higgs Boson', 'Silk Road', 'Amazon Rainforest', 'Deep Learning']",False,9.4,91.82,B Class
100260,Advanced Great Barrier Reef,en,https://en.wikipedia.org/wiki/Advanced_Great_Barrier_Reef,"An encyclopedic inquiry into world's largest coral reef system off queensland, australia. Comprehensive survey covering definitions, historical development, and research implications.",264,1,2,False,0,"['Geography & Earth', 'Articles on Geography']","['James Webb Space Telescope', 'General Relativity', 'Silk Road', 'Space Race', 'Nanotechnology', 'Mesopotamia']",True,7.58,38.45,Stub Class
100261,Regional Study on Constitutional Law,en,https://en.wikipedia.org/wiki/Regional_Study_on_Constitutional_Law,"An encyclopedic inquiry into body of law defining the role and powers of different entities. Comprehensive survey covering definitions, historical development, and research implications.",609,3,3,False,0,"['Social Sciences & Philosophy', 'Articles on Social Sciences']","['Behavioral Economics', 'Film Noir', 'French Revolution', 'Ring of Fire', 'Galapagos Islands', 'Great Barrier Reef']",True,4.93,43.48,Start Class
100262,Contemporary Quantum Computing (Vol. 3),en,https://en.wikipedia.org/wiki/Contemporary_Quantum_Computing_(Vol._3),"An encyclopedic inquiry into computation utilizing quantum mechanical phenomena. Comprehensive survey covering definitions, historical development, and research implications.",1283,6,12,True,5,"['Science & Technology', 'Articles on Science']","['Constitutional Law', 'Epistemology', 'Silk Road']",True,9.35,79.68,C Class
100263,Applications of Photosynthesis (Vol. 4),en,https://en.wikipedia.org/wiki/Applications_of_Photosynthesis_(Vol._4),"An encyclopedic inquiry into biological process converting light energy into chemical energy. Comprehensive survey covering definitions, historical development, and research implications.",432,3,4,True,3,"['Science & Technology', 'Articles on Science', 'Open Source Tech Envoy Corpus']","['Galapagos Islands', 'Sociology of Knowledge', 'Behavioral Economics', 'Game Theory', 'James Webb Space Telescope']",True,9.26,65.85,Start Class
100264,Applications of Higgs Boson,en,https://en.wikipedia.org/wiki/Applications_of_Higgs_Boson,"An encyclopedic inquiry into elementary particle in the standard model of particle physics. Comprehensive survey covering definitions, historical development, and research implications.",1376,7,7,True,5,"['Science & Technology', 'Articles on Science', 'Open Source Tech Envoy Corpus']","['Game Theory', 'Bauhaus Movement', 'French Revolution', 'Renaissance Art', 'Quantum Computing', 'Film Noir', 'Existentialism', 'Sociology of Knowledge', 'Antarctic Ice Sheet']",False,5.09,73.99,C Class
100265,History of General Relativity,en,https://en.wikipedia.org/wiki/History_of_General_Relativity,"An encyclopedic inquiry into geometric theory of gravitation published by albert einstein. Comprehensive survey covering definitions, historical development, and research implications.",2228,7,20,True,13,"['Science & Technology', 'Articles on Science']","['Quantum Computing', 'Mount Everest', 'Ring of Fire', 'Artificial Intelligence']",False,8.98,90.57,B Class
100266,Introduction to Film Noir,en,https://en.wikipedia.org/wiki/Introduction_to_Film_Noir,"An encyclopedic inquiry into cinematic term used primarily to describe stylish hollywood crime dramas. Comprehensive survey covering definitions, historical development, and research implications.",78,2,1,False,0,"['Literature & Arts', 'Articles on Literature', 'Open Source Tech Envoy Corpus']","['Renaissance Humanism', 'James Webb Space Telescope', 'Quantum Computing', 'Deep Learning', 'Renaissance Art', 'Film Noir', 'Constitutional Law', 'Superconductivity', 'Mount Everest']",True,12.82,40.4,Stub Class
100267,Principles of Meiji Restoration (Vol. 8),en,https://en.wikipedia.org/wiki/Principles_of_Meiji_Restoration_(Vol._8),"An encyclopedic inquiry into political event that restored practical imperial rule to japan. Comprehensive survey covering definitions, historical development, and research implications.",1124,6,6,False,0,"['History & Civilizations', 'Articles on History', 'Open Source Tech Envoy Corpus']","['Kabuki Theatre', 'Mariana Trench', 'Behavioral Economics', 'Impressionism']",False,5.34,56.45,C Class
100268,Advanced Higgs Boson,en,https://en.wikipedia.org/wiki/Advanced_Higgs_Boson,"An encyclopedic inquiry into elementary particle in the standard model of particle physics. Comprehensive survey covering definitions, historical development, and research implications.",1381,5,4,True,10,"['Science & Technology', 'Articles on Science', 'Open Source Tech Envoy Corpus']","['Ancient Alexandria', 'Nanotechnology', 'Higgs Boson', 'Kabuki Theatre', 'Artificial Intelligence', 'Bauhaus Movement', 'Antarctic Ice Sheet', 'Ottoman Empire']",True,2.9,72.67,C Class
100269,Future Trends in Microbiome,en,https://en.wikipedia.org/wiki/Future_Trends_in_Microbiome,"An encyclopedic inquiry into aggregate of all microbiota residing on or within tissues. Comprehensive survey covering definitions, historical development, and research implications.",971,6,5,True,6,"['Science & Technology', 'Articles on Science', 'Open Source Tech Envoy Corpus']","['Deep Learning', 'Meiji Restoration', 'Game Theory', 'Thermodynamics', 'Byzantine Empire', 'French Revolution']",False,5.15,72.29,C Class
100270,Philosophy of Bauhaus Movement,en,https://en.wikipedia.org/wiki/Philosophy_of_Bauhaus_Movement,"An encyclopedic inquiry into german art school operational from 1919 to 1933 combining crafts. Comprehensive survey covering definitions, historical development, and research implications.",1304,6,10,True,4,"['Literature & Arts', 'Articles on Literature', 'Open Source Tech Envoy Corpus']","['Photosynthesis', 'Kabuki Theatre', 'Artificial Intelligence', 'James Webb Space Telescope', 'Space Race', 'Amazon Rainforest', 'Existentialism', 'Mesopotamia', 'Graphene']",True,7.67,78.12,C Class
100271,Global Impact of Behavioral Economics (Vol. 2),en,https://en.wikipedia.org/wiki/Global_Impact_of_Behavioral_Economics_(Vol._2),"An encyclopedic inquiry into effects of psychological and social factors on economic decisions. Comprehensive survey covering definitions, historical development, and research implications.",373,3,1,False,0,"['Social Sciences & Philosophy', 'Articles on Social Sciences']","['Microbiome', 'Graphene', 'Amazon Rainforest', 'Thermodynamics', 'CRISPR Gene Editing', 'Ancient Alexandria', 'Quantum Computing', 'Renaissance Humanism']",True,2.68,36.32,Start Class
100272,Introduction to Space Race,en,https://en.wikipedia.org/wiki/Introduction_to_Space_Race,"An encyclopedic inquiry into 20th-century competition between soviet union and united states. Comprehensive survey covering definitions, historical development, and research implications.",654,4,2,True,3,"['History & Civilizations', 'Articles on History', 'Open Source Tech Envoy Corpus']","['General Relativity', 'Meiji Restoration', 'Postmodern Literature', 'Baroque Architecture', 'Ring of Fire', 'Film Noir', 'Quantum Computing']",True,3.06,59.53,Start Class
100273,Philosophy of James Webb Space Telescope (Vol. 4),en,https://en.wikipedia.org/wiki/Philosophy_of_James_Webb_Space_Telescope_(Vol._4),"An encyclopedic inquiry into premier infrared space observatory mission. Comprehensive survey covering definitions, historical development, and research implications.",1353,6,8,False,0,"['Science & Technology', 'Articles on Science', 'Open Source Tech Envoy Corpus']","['Mesopotamia', 'Bauhaus Movement', 'Nile River Basin', 'Kabuki Theatre']",False,5.91,59.48,C Class
100274,Global Impact of Ottoman Empire (Vol. 5),en,https://en.wikipedia.org/wiki/Global_Impact_of_Ottoman_Empire_(Vol._5),"An encyclopedic inquiry into imperial realm controlling much of southeast europe and western asia. Comprehensive survey covering definitions, historical development, and research implications.",1440,5,11,False,0,"['History & Civilizations', 'Articles on History']","['Deep Learning', 'James Webb Space Telescope', 'Harappan Civilization', 'Artificial Intelligence', 'Mariana Trench', 'General Relativity']",False,7.64,60.87,C Class
100275,Principles of Impressionism,en,https://en.wikipedia.org/wiki/Principles_of_Impressionism,"An encyclopedic inquiry into 19th-century art movement characterized by visible brush strokes. Comprehensive survey covering definitions, historical development, and research implications.",1542,9,9,False,0,"['Literature & Arts', 'Articles on Literature', 'Open Source Tech Envoy Corpus']","['Public Health', 'Superconductivity', 'Magna Carta', 'Behavioral Economics', 'Ottoman Empire', 'Ring of Fire']",False,5.84,60.66,C Class
100276,Introduction to Space Race (Vol. 7),en,https://en.wikipedia.org/wiki/Introduction_to_Space_Race_(Vol._7),"An encyclopedic inquiry into 20th-century competition between soviet union and united states. Comprehensive survey covering definitions, historical development, and research implications.",1031,4,8,False,0,"['History & Civilizations', 'Articles on History', 'Open Source Tech Envoy Corpus']","['Harappan Civilization', 'Higgs Boson', 'Amazon Rainforest', 'CRISPR Gene Editing', 'Industrial Revolution', 'Sociology of Knowledge']",False,7.76,58.82,C Class
100277,Philosophy of Photosynthesis,en,https://en.wikipedia.org/wiki/Philosophy_of_Photosynthesis,"An encyclopedic inquiry into biological process converting light energy into chemical energy. Comprehensive survey covering definitions, historical development, and research implications.",594,4,4,True,5,"['Science & Technology', 'Articles on Science', 'Open Source Tech Envoy Corpus']","['Galapagos Islands', 'Mesopotamia', 'Universal Declaration of Human Rights', 'Renaissance Art', 'Microbiome', 'Nile River Basin', 'James Webb Space Telescope', 'Space Race', 'Mount Everest']",True,6.73,68.23,Start Class
100278,Philosophy of Magna Carta,en,https://en.wikipedia.org/wiki/Philosophy_of_Magna_Carta,"An encyclopedic inquiry into royal charter of rights agreed to by king john of england. Comprehensive survey covering definitions, historical development, and research implications.",1259,5,6,True,10,"['History & Civilizations', 'Articles on History']","['Film Noir', 'CRISPR Gene Editing', 'Lake Baikal', 'Antarctic Ice Sheet', 'Mount Everest', 'Constitutional Law', 'Classical Music', 'Baroque Architecture', 'Deep Learning']",False,4.77,72.86,C Class
100279,Advanced CRISPR Gene Editing (Vol. 10),en,https://en.wikipedia.org/wiki/Advanced_CRISPR_Gene_Editing_(Vol._10),"An encyclopedic inquiry into biotechnological molecular biology genetic editing tool. Comprehensive survey covering definitions, historical development, and research implications.",2737,16,37,True,20,"['Science & Technology', 'Articles on Science', 'Open Source Tech Envoy Corpus']","['Mariana Trench', 'Plate Tectonics', 'Sociology of Knowledge', 'Impressionism', 'Deep Learning', 'Postmodern Literature', 'Industrial Revolution', 'Renaissance Humanism']",False,13.52,99.52,Good / Featured Article
100280,Regional Study on Ottoman Empire,en,https://en.wikipedia.org/wiki/Regional_Study_on_Ottoman_Empire,"An encyclopedic inquiry into imperial realm controlling much of southeast europe and western asia. Comprehensive survey covering definitions, historical development, and research implications.",1335,4,10,True,5,"['History & Civilizations', 'Articles on History', 'Open Source Tech Envoy Corpus']","['Mount Everest', 'Sahara Desert', 'Artificial Intelligence', 'Behavioral Economics', 'Bauhaus Movement']",False,7.49,77.23,C Class
100281,Philosophy of Renaissance Art,en,https://en.wikipedia.org/wiki/Philosophy_of_Renaissance_Art,"An encyclopedic inquiry into painting, sculpture, and decorative arts of european renaissance. Comprehensive survey covering definitions, historical development, and research implications.",2541,9,1,True,10,"['Literature & Arts', 'Articles on Literature']","['Epistemology', 'Photosynthesis', 'Behavioral Economics', 'Ancient Alexandria', 'Galapagos Islands', 'French Revolution', 'Mesopotamia']",True,0.39,66.98,Start Class
100282,History of Ring of Fire,en,https://en.wikipedia.org/wiki/History_of_Ring_of_Fire,"An encyclopedic inquiry into major area in the basin of the pacific ocean where earthquakes occur. Comprehensive survey covering definitions, historical development, and research implications.",2510,11,24,True,11,"['Geography & Earth', 'Articles on Geography']","['Deep Learning', 'Baroque Architecture', 'Postmodern Literature', 'Classical Music', 'Bauhaus Movement', 'Ottoman Empire']",False,9.56,94.47,B Class
100283,Foundations of James Webb Space Telescope,en,https://en.wikipedia.org/wiki/Foundations_of_James_Webb_Space_Telescope,"An encyclopedic inquiry into premier infrared space observatory mission. Comprehensive survey covering definitions, historical development, and research implications.",1087,4,11,True,5,"['Science & Technology', 'Articles on Science']","['Harappan Civilization', 'Quantum Computing', 'Meiji Restoration', 'Sociology of Knowledge', 'Behavioral Economics']",False,10.12,77.18,C Class
100284,Critique of Game Theory,en,https://en.wikipedia.org/wiki/Critique_of_Game_Theory,"An encyclopedic inquiry into mathematical study of strategic interaction among rational agents. Comprehensive survey covering definitions, historical development, and research implications.",546,3,2,True,6,"['Social Sciences & Philosophy', 'Articles on Social Sciences']","['Silk Road', 'Kabuki Theatre', 'Mesopotamia', 'Postmodern Literature', 'Surrealism']",True,3.66,57.9,Start Class
100285,History of Harappan Civilization,en,https://en.wikipedia.org/wiki/History_of_Harappan_Civilization,"An encyclopedic inquiry into bronze age civilization in the northwestern regions of south asia. Comprehensive survey covering definitions, historical development, and research implications.",1336,5,4,False,0,"['History & Civilizations', 'Articles on History', 'Open Source Tech Envoy Corpus']","['Thermodynamics', 'Magna Carta', 'Film Noir', 'Lake Baikal']",True,2.99,52.63,C Class
100286,History of Existentialism,en,https://en.wikipedia.org/wiki/History_of_Existentialism,"An encyclopedic inquiry into philosophical inquiry that explores the problem of human existence. Comprehensive survey covering definitions, historical development, and research implications.",2117,11,26,True,9,"['Social Sciences & Philosophy', 'Articles on Social Sciences', 'Open Source Tech Envoy Corpus']","['James Webb Space Telescope', 'Harappan Civilization', 'Film Noir', 'Plate Tectonics', 'Silk Road', 'Existentialism']",False,12.28,98.17,B Class
100287,History of Classical Music,en,https://en.wikipedia.org/wiki/History_of_Classical_Music,"An encyclopedic inquiry into art music produced in the traditions of western culture. Comprehensive survey covering definitions, historical development, and research implications.",1767,11,22,True,9,"['Literature & Arts', 'Articles on Literature']","['Postmodern Literature', 'Amazon Rainforest', 'Higgs Boson', 'Ring of Fire', 'Renaissance Art', 'Nile River Basin']",False,12.45,92.08,B Class
100288,History of Ancient Alexandria (Vol. 9),en,https://en.wikipedia.org/wiki/History_of_Ancient_Alexandria_(Vol._9),"An encyclopedic inquiry into major hellenistic center of commerce and scholarship in egypt. Comprehensive survey covering definitions, historical development, and research implications.",1030,6,7,True,8,"['History & Civilizations', 'Articles on History', 'Open Source Tech Envoy Corpus']","['Public Health', 'Antarctic Ice Sheet', 'Epistemology', 'Dark Matter']",False,6.8,78.78,C Class
100289,Future Trends in Epistemology,en,https://en.wikipedia.org/wiki/Future_Trends_in_Epistemology,"An encyclopedic inquiry into branch of philosophy concerned with nature and scope of knowledge. Comprehensive survey covering definitions, historical development, and research implications.",3116,14,54,True,23,"['Social Sciences & Philosophy', 'Articles on Social Sciences']","['Surrealism', 'Higgs Boson', 'Postmodern Literature', 'Constitutional Law']",False,17.33,96.67,Good / Featured Article
100290,Future Trends in Film Noir,en,https://en.wikipedia.org/wiki/Future_Trends_in_Film_Noir,"An encyclopedic inquiry into cinematic term used primarily to describe stylish hollywood crime dramas. Comprehensive survey covering definitions, historical development, and research implications.",2133,10,26,True,9,"['Literature & Arts', 'Articles on Literature']","['Public Health', 'French Revolution', 'Sahara Desert', 'Industrial Revolution', 'Dark Matter', 'Sociology of Knowledge']",False,12.19,94.87,B Class
100291,Regional Study on Artificial Intelligence (Vol. 2),en,https://en.wikipedia.org/wiki/Regional_Study_on_Artificial_Intelligence_(Vol._2),"An encyclopedic inquiry into study of intelligent agents and machine cognition. Comprehensive survey covering definitions, historical development, and research implications.",1130,7,13,False,0,"['Science & Technology', 'Articles on Science']","['Existentialism', 'Harappan Civilization', 'Nile River Basin', 'Surrealism', 'Postmodern Literature', 'Behavioral Economics', 'Ancient Alexandria', 'Magna Carta', 'Classical Music']",False,11.5,64.33,C Class
100292,Contemporary Impressionism,en,https://en.wikipedia.org/wiki/Contemporary_Impressionism,"An encyclopedic inquiry into 19th-century art movement characterized by visible brush strokes. Comprehensive survey covering definitions, historical development, and research implications.",121,2,0,False,0,"['Literature & Arts', 'Articles on Literature', 'Open Source Tech Envoy Corpus']","['Surrealism', 'Film Noir', 'Magna Carta', 'Plate Tectonics', 'Deep Learning']",True,0.0,27.11,Stub Class
100293,Introduction to Classical Music (Vol. 4),en,https://en.wikipedia.org/wiki/Introduction_to_Classical_Music_(Vol._4),"An encyclopedic inquiry into art music produced in the traditions of western culture. Comprehensive survey covering definitions, historical development, and research implications.",612,3,2,True,3,"['Literature & Arts', 'Articles on Literature', 'Open Source Tech Envoy Corpus']","['Great Barrier Reef', 'Ancient Alexandria', 'Industrial Revolution', 'Mesopotamia', 'Ottoman Empire', 'Space Race', 'Game Theory', 'CRISPR Gene Editing']",True,3.27,57.5,Start Class
100294,Regional Study on Classical Music (Vol. 5),en,https://en.wikipedia.org/wiki/Regional_Study_on_Classical_Music_(Vol._5),"An encyclopedic inquiry into art music produced in the traditions of western culture. Comprehensive survey covering definitions, historical development, and research implications.",412,2,3,False,0,"['Literature & Arts', 'Articles on Literature', 'Open Source Tech Envoy Corpus']","['Homeric Epics', 'French Revolution', 'Lake Baikal', 'Magna Carta', 'Graphene', 'Public Health']",True,7.28,46.28,Start Class
100295,Principles of Game Theory,en,https://en.wikipedia.org/wiki/Principles_of_Game_Theory,"An encyclopedic inquiry into mathematical study of strategic interaction among rational agents. Comprehensive survey covering definitions, historical development, and research implications.",701,3,3,True,4,"['Social Sciences & Philosophy', 'Articles on Social Sciences']","['Universal Declaration of Human Rights', 'Higgs Boson', 'Classical Music', 'Meiji Restoration', 'Surrealism', 'General Relativity', 'Microbiome']",True,4.28,58.24,C Class
100296,Principles of Harappan Civilization,en,https://en.wikipedia.org/wiki/Principles_of_Harappan_Civilization,"An encyclopedic inquiry into bronze age civilization in the northwestern regions of south asia. Comprehensive survey covering definitions, historical development, and research implications.",1435,7,5,True,8,"['History & Civilizations', 'Articles on History', 'Open Source Tech Envoy Corpus']","['Public Health', 'Superconductivity', 'Ring of Fire', 'James Webb Space Telescope', 'Impressionism', 'Renaissance Art']",False,3.48,74.34,C Class
100297,Advanced Classical Music (Vol. 8),en,https://en.wikipedia.org/wiki/Advanced_Classical_Music_(Vol._8),"An encyclopedic inquiry into art music produced in the traditions of western culture. Comprehensive survey covering definitions, historical development, and research implications.",1268,6,6,True,5,"['Literature & Arts', 'Articles on Literature', 'Open Source Tech Envoy Corpus']","['James Webb Space Telescope', 'Deep Learning', 'Nanotechnology', 'Plate Tectonics', 'Meiji Restoration', 'Mesopotamia']",True,4.73,72.42,C Class
100298,Contemporary Great Barrier Reef,en,https://en.wikipedia.org/wiki/Contemporary_Great_Barrier_Reef,"An encyclopedic inquiry into world's largest coral reef system off queensland, australia. Comprehensive survey covering definitions, historical development, and research implications.",427,4,2,True,5,"['Geography & Earth', 'Articles on Geography', 'Open Source Tech Envoy Corpus']","['Renaissance Humanism', 'Impressionism', 'James Webb Space Telescope', 'Artificial Intelligence']",True,4.68,62.22,Start Class
100299,Philosophy of Behavioral Economics,en,https://en.wikipedia.org/wiki/Philosophy_of_Behavioral_Economics,"An encyclopedic inquiry into effects of psychological and social factors on economic decisions. Comprehensive survey covering definitions, historical development, and research implications.",2146,11,20,True,13,"['Social Sciences & Philosophy', 'Articles on Social Sciences']","['Impressionism', 'Mariana Trench', 'Ottoman Empire', 'Existentialism', 'Ring of Fire', 'Space Race']",False,9.32,90.89,B Class
100300,Contemporary Artificial Intelligence,en,https://en.wikipedia.org/wiki/Contemporary_Artificial_Intelligence,"An encyclopedic inquiry into study of intelligent agents and machine cognition. Comprehensive survey covering definitions, historical development, and research implications.",496,2,3,False,0,"['Science & Technology', 'Articles on Science']","['Plate Tectonics', 'Quantum Computing', 'Classical Music', 'Artificial Intelligence', 'Impressionism', 'Kabuki Theatre', 'Byzantine Empire']",True,6.05,42.08,Start Class
100301,Global Impact of Lake Baikal,en,https://en.wikipedia.org/wiki/Global_Impact_of_Lake_Baikal,"An encyclopedic inquiry into ancient, massive lake in mountainous russian region of siberia. Comprehensive survey covering definitions, historical development, and research implications.",1266,6,12,True,9,"['Geography & Earth', 'Articles on Geography', 'Open Source Tech Envoy Corpus']","['Sociology of Knowledge', 'CRISPR Gene Editing', 'Magna Carta']",True,9.48,86.88,C Class
100302,Critique of Meiji Restoration,en,https://en.wikipedia.org/wiki/Critique_of_Meiji_Restoration,"An encyclopedic inquiry into political event that restored practical imperial rule to japan. Comprehensive survey covering definitions, historical development, and research implications.",934,4,7,True,5,"['History & Civilizations', 'Articles on History']","['Graphene', 'Constitutional Law', 'Ottoman Empire', 'Quantum Computing']",False,7.49,70.22,C Class
100303,Future Trends in Film Noir (Vol. 4),en,https://en.wikipedia.org/wiki/Future_Trends_in_Film_Noir_(Vol._4),"An encyclopedic inquiry into cinematic term used primarily to describe stylish hollywood crime dramas. Comprehensive survey covering definitions, historical development, and research implications.",344,4,1,True,2,"['Literature & Arts', 'Articles on Literature', 'Open Source Tech Envoy Corpus']","['Impressionism', 'Industrial Revolution', 'Epistemology', 'Galapagos Islands', 'Baroque Architecture', 'James Webb Space Telescope']",True,2.91,54.07,Start Class
100304,Philosophy of Bauhaus Movement (Vol. 5),en,https://en.wikipedia.org/wiki/Philosophy_of_Bauhaus_Movement_(Vol._5),"An encyclopedic inquiry into german art school operational from 1919 to 1933 combining crafts. Comprehensive survey covering definitions, historical development, and research implications.",1445,6,4,True,4,"['Literature & Arts', 'Articles on Literature']","['Superconductivity', 'Nile River Basin', 'Industrial Revolution', 'Ring of Fire', 'Bauhaus Movement', 'Deep Learning']",False,2.77,64.38,C Class
100305,Global Impact of Silk Road,en,https://en.wikipedia.org/wiki/Global_Impact_of_Silk_Road,"An encyclopedic inquiry into historic network of eurasian trade routes connecting east and west. Comprehensive survey covering definitions, historical development, and research implications.",380,2,3,True,5,"['History & Civilizations', 'Articles on History', 'Open Source Tech Envoy Corpus']","['Mesopotamia', 'Existentialism', 'Photosynthesis', 'Lake Baikal']",True,7.89,63.02,Start Class
100306,Global Impact of Plate Tectonics,en,https://en.wikipedia.org/wiki/Global_Impact_of_Plate_Tectonics,"An encyclopedic inquiry into scientific theory explaining the dynamics of earth's lithosphere. Comprehensive survey covering definitions, historical development, and research implications.",1764,10,15,True,15,"['Science & Technology', 'Articles on Science', 'Open Source Tech Envoy Corpus']","['Existentialism', 'Mount Everest', 'Plate Tectonics', 'French Revolution', 'Film Noir']",False,8.5,88.96,B Class
100307,Foundations of Dark Matter,en,https://en.wikipedia.org/wiki/Foundations_of_Dark_Matter,"An encyclopedic inquiry into hypothetical form of matter thought to account for 85% of matter. Comprehensive survey covering definitions, historical development, and research implications.",2570,6,1,True,6,"['Science & Technology', 'Articles on Science', 'Open Source Tech Envoy Corpus']","['Byzantine Empire', 'Artificial Intelligence', 'Homeric Epics', 'General Relativity', 'Superconductivity']",True,0.39,67.87,Start Class
100308,Regional Study on Epistemology (Vol. 9),en,https://en.wikipedia.org/wiki/Regional_Study_on_Epistemology_(Vol._9),"An encyclopedic inquiry into branch of philosophy concerned with nature and scope of knowledge. Comprehensive survey covering definitions, historical development, and research implications.",2957,10,62,True,25,"['Social Sciences & Philosophy', 'Articles on Social Sciences']","['Photosynthesis', 'Industrial Revolution', 'Surrealism', 'Microbiome', 'Sahara Desert', 'Ancient Alexandria', 'Existentialism', 'Behavioral Economics']",False,20.97,96.59,Good / Featured Article
100309,Contemporary Ancient Alexandria,en,https://en.wikipedia.org/wiki/Contemporary_Ancient_Alexandria,"An encyclopedic inquiry into major hellenistic center of commerce and scholarship in egypt. Comprehensive survey covering definitions, historical development, and research implications.",71,1,0,False,0,"['History & Civilizations', 'Articles on History', 'Open Source Tech Envoy Corpus']","['Mariana Trench', 'Game Theory', 'Superconductivity', 'Photosynthesis', 'Public Health']",True,0.0,22.31,Stub Class
100310,Contemporary Graphene (Vol. 1),en,https://en.wikipedia.org/wiki/Contemporary_Graphene_(Vol._1),"An encyclopedic inquiry into two-dimensional carbon allotrope with exceptional tensile strength. Comprehensive survey covering definitions, historical development, and research implications.",1210,7,10,False,0,"['Science & Technology', 'Articles on Science']","['Baroque Architecture', 'Silk Road', 'Kabuki Theatre', 'General Relativity', 'Harappan Civilization', 'Meiji Restoration']",False,8.26,60.28,C Class
100311,Critique of Public Health (Vol. 2),en,https://en.wikipedia.org/wiki/Critique_of_Public_Health_(Vol._2),"An encyclopedic inquiry into science and art of preventing disease and promoting health. Comprehensive survey covering definitions, historical development, and research implications.",622,4,4,True,3,"['Social Sciences & Philosophy', 'Articles on Social Sciences']","['Constitutional Law', 'Graphene', 'Superconductivity', 'Nanotechnology', 'Bauhaus Movement', 'Kabuki Theatre', 'James Webb Space Telescope', 'Existentialism']",True,6.43,62.19,Start Class
100312,Advanced Baroque Architecture (Vol. 3),en,https://en.wikipedia.org/wiki/Advanced_Baroque_Architecture_(Vol._3),"An encyclopedic inquiry into highly decorative and theatrical style of building in europe. Comprehensive survey covering definitions, historical development, and research implications.",545,2,1,False,0,"['Literature & Arts', 'Articles on Literature', 'Open Source Tech Envoy Corpus']","['Quantum Computing', 'Classical Music', 'Kabuki Theatre', 'Nanotechnology', 'Ring of Fire', 'Great Barrier Reef', 'Superconductivity']",True,1.83,38.38,Start Class
100313,History of Renaissance Humanism,en,https://en.wikipedia.org/wiki/History_of_Renaissance_Humanism,"An encyclopedic inquiry into intellectual movement originating in 14th-century italy. Comprehensive survey covering definitions, historical development, and research implications.",585,3,1,True,3,"['History & Civilizations', 'Articles on History', 'Open Source Tech Envoy Corpus']","['Mount Everest', 'Epistemology', 'Game Theory', 'Antarctic Ice Sheet', 'Kabuki Theatre', 'Constitutional Law', 'Microbiome', 'Homeric Epics']",True,1.71,54.32,Start Class
100314,Contemporary Ring of Fire (Vol. 5),en,https://en.wikipedia.org/wiki/Contemporary_Ring_of_Fire_(Vol._5),"An encyclopedic inquiry into major area in the basin of the pacific ocean where earthquakes occur. Comprehensive survey covering definitions, historical development, and research implications.",578,3,4,True,2,"['Geography & Earth', 'Articles on Geography', 'Open Source Tech Envoy Corpus']","['Space Race', 'Deep Learning', 'Sociology of Knowledge', 'Nile River Basin', 'Baroque Architecture', 'James Webb Space Telescope', 'Artificial Intelligence', 'Surrealism']",True,6.92,62.62,Start Class
100315,Critique of Universal Declaration of Human Rights,en,https://en.wikipedia.org/wiki/Critique_of_Universal_Declaration_of_Human_Rights,"An encyclopedic inquiry into milestone document in history of human rights. Comprehensive survey covering definitions, historical development, and research implications.",1212,4,7,True,10,"['Social Sciences & Philosophy', 'Articles on Social Sciences', 'Open Source Tech Envoy Corpus']","['Silk Road', 'James Webb Space Telescope', 'Lake Baikal', 'Microbiome', 'Nile River Basin']",False,5.78,76.1,C Class
100316,Critique of General Relativity,en,https://en.wikipedia.org/wiki/Critique_of_General_Relativity,"An encyclopedic inquiry into geometric theory of gravitation published by albert einstein. Comprehensive survey covering definitions, historical development, and research implications.",1213,4,10,True,4,"['Science & Technology', 'Articles on Science']","['Great Barrier Reef', 'Game Theory', 'Surrealism']",True,8.24,73.27,C Class
100317,Global Impact of Behavioral Economics (Vol. 8),en,https://en.wikipedia.org/wiki/Global_Impact_of_Behavioral_Economics_(Vol._8),"An encyclopedic inquiry into effects of psychological and social factors on economic decisions. Comprehensive survey covering definitions, historical development, and research implications.",1111,8,11,False,0,"['Social Sciences & Philosophy', 'Articles on Social Sciences']","['Magna Carta', 'Lake Baikal', 'Nile River Basin', 'Dark Matter', 'Surrealism', 'Homeric Epics', 'Sahara Desert', 'Meiji Restoration']",False,9.9,62.89,C Class
100318,Regional Study on Meiji Restoration (Vol. 9),en,https://en.wikipedia.org/wiki/Regional_Study_on_Meiji_Restoration_(Vol._9),"An encyclopedic inquiry into political event that restored practical imperial rule to japan. Comprehensive survey covering definitions, historical development, and research implications.",657,2,2,False,0,"['History & Civilizations', 'Articles on History']","['Ring of Fire', 'Film Noir', 'Homeric Epics', 'Harappan Civilization', 'Existentialism', 'Amazon Rainforest', 'Superconductivity']",True,3.04,38.44,Start Class
100319,Future Trends in Existentialism,en,https://en.wikipedia.org/wiki/Future_Trends_in_Existentialism,"An encyclopedic inquiry into philosophical inquiry that explores the problem of human existence. Comprehensive survey covering definitions, historical development, and research implications.",1336,6,15,False,0,"['Social Sciences & Philosophy', 'Articles on Social Sciences']","['Nile River Basin', 'Mount Everest', 'Harappan Civilization', 'Bauhaus Movement', 'Photosynthesis']",False,11.23,66.41,C Class
100320,Foundations of Sociology of Knowledge (Vol. 1),en,https://en.wikipedia.org/wiki/Foundations_of_Sociology_of_Knowledge_(Vol._1),"An encyclopedic inquiry into study of relationship between human thought and social context. Comprehensive survey covering definitions, historical development, and research implications.",521,3,2,True,3,"['Social Sciences & Philosophy', 'Articles on Social Sciences', 'Open Source Tech Envoy Corpus']","['Photosynthesis', 'Industrial Revolution', 'Baroque Architecture', 'Plate Tectonics', 'Constitutional Law', 'Superconductivity']",True,3.84,57.5,Start Class
100321,Contemporary Film Noir,en,https://en.wikipedia.org/wiki/Contemporary_Film_Noir,"An encyclopedic inquiry into cinematic term used primarily to describe stylish hollywood crime dramas. Comprehensive survey covering definitions, historical development, and research implications.",2068,7,30,True,15,"['Literature & Arts', 'Articles on Literature', 'Open Source Tech Envoy Corpus']","['CRISPR Gene Editing', 'Impressionism', 'Classical Music', 'Renaissance Art', 'Superconductivity', 'Epistemology']",False,14.51,98.04,B Class
100322,Regional Study on Artificial Intelligence (Vol. 3),en,https://en.wikipedia.org/wiki/Regional_Study_on_Artificial_Intelligence_(Vol._3),"An encyclopedic inquiry into study of intelligent agents and machine cognition. Comprehensive survey covering definitions, historical development, and research implications.",408,2,2,False,0,"['Science & Technology', 'Articles on Science', 'Open Source Tech Envoy Corpus']","['Mariana Trench', 'Existentialism', 'Renaissance Art', 'Ring of Fire', 'Lake Baikal', 'Epistemology', 'Higgs Boson']",True,4.9,42.06,Start Class
100323,Global Impact of Postmodern Literature,en,https://en.wikipedia.org/wiki/Global_Impact_of_Postmodern_Literature,"An encyclopedic inquiry into form of literature characterized by reliance on meta-fiction. Comprehensive survey covering definitions, historical development, and research implications.",147,2,1,True,2,"['Literature & Arts', 'Articles on Literature']","['Space Race', 'Mesopotamia', 'Postmodern Literature', 'Bauhaus Movement', 'Universal Declaration of Human Rights', 'Byzantine Empire', 'Silk Road']",True,6.8,48.1,Stub Class
100324,Global Impact of Mesopotamia,en,https://en.wikipedia.org/wiki/Global_Impact_of_Mesopotamia,"An encyclopedic inquiry into historical region of western asia situated within the tigris–euphrates. Comprehensive survey covering definitions, historical development, and research implications.",422,4,2,True,4,"['History & Civilizations', 'Articles on History', 'Open Source Tech Envoy Corpus']","['Lake Baikal', 'Magna Carta', 'Bauhaus Movement', 'Nile River Basin', 'Renaissance Humanism', 'Film Noir', 'Game Theory', 'Constitutional Law']",True,4.74,60.99,Start Class
100325,Introduction to Classical Music (Vol. 6),en,https://en.wikipedia.org/wiki/Introduction_to_Classical_Music_(Vol._6),"An encyclopedic inquiry into art music produced in the traditions of western culture. Comprehensive survey covering definitions, historical development, and research implications.",2151,9,15,False,0,"['Literature & Arts', 'Articles on Literature', 'Open Source Tech Envoy Corpus']","['Higgs Boson', 'Lake Baikal', 'Galapagos Islands', 'Bauhaus Movement', 'Impressionism', 'Renaissance Humanism', 'Film Noir', 'Superconductivity']",False,6.97,67.71,C Class
100326,Future Trends in Antarctic Ice Sheet (Vol. 7),en,https://en.wikipedia.org/wiki/Future_Trends_in_Antarctic_Ice_Sheet_(Vol._7),"An encyclopedic inquiry into single largest mass of ice on earth covering antarctica. Comprehensive survey covering definitions, historical development, and research implications.",394,4,1,False,0,"['Geography & Earth', 'Articles on Geography']","['Game Theory', 'Existentialism', 'Galapagos Islands', 'Ancient Alexandria', 'Mariana Trench', 'Artificial Intelligence', 'Mount Everest', 'Photosynthesis']",True,2.54,38.4,Start Class
100327,Introduction to Silk Road,en,https://en.wikipedia.org/wiki/Introduction_to_Silk_Road,"An encyclopedic inquiry into historic network of eurasian trade routes connecting east and west. Comprehensive survey covering definitions, historical development, and research implications.",1926,9,9,False,0,"['History & Civilizations', 'Articles on History']","['Industrial Revolution', 'Deep Learning', 'James Webb Space Telescope', 'Bauhaus Movement', 'Behavioral Economics', 'Ancient Alexandria', 'Dark Matter', 'Galapagos Islands']",False,4.67,56.74,C Class
100328,Foundations of Classical Music (Vol. 9),en,https://en.wikipedia.org/wiki/Foundations_of_Classical_Music_(Vol._9),"An encyclopedic inquiry into art music produced in the traditions of western culture. Comprehensive survey covering definitions, historical development, and research implications.",1094,7,4,True,10,"['Literature & Arts', 'Articles on Literature']","['Game Theory', 'Surrealism', 'Nile River Basin', 'Space Race']",True,3.66,69.25,C Class
100329,Regional Study on Renaissance Humanism,en,https://en.wikipedia.org/wiki/Regional_Study_on_Renaissance_Humanism,"An encyclopedic inquiry into intellectual movement originating in 14th-century italy. Comprehensive survey covering definitions, historical development, and research implications.",3353,18,59,True,23,"['History & Civilizations', 'Articles on History', 'Open Source Tech Envoy Corpus']","['Industrial Revolution', 'Plate Tectonics', 'Baroque Architecture', 'Epistemology', 'Amazon Rainforest', 'Microbiome', 'Impressionism', 'Film Noir']",False,17.6,100.0,Good / Featured Article
100330,Applications of Postmodern Literature,en,https://en.wikipedia.org/wiki/Applications_of_Postmodern_Literature,"An encyclopedic inquiry into form of literature characterized by reliance on meta-fiction. Comprehensive survey covering definitions, historical development, and research implications.",408,3,1,False,0,"['Literature & Arts', 'Articles on Literature']","['Ancient Alexandria', 'Amazon Rainforest', 'Higgs Boson', 'Classical Music']",True,2.45,36.45,Start Class
100331,Regional Study on Silk Road,en,https://en.wikipedia.org/wiki/Regional_Study_on_Silk_Road,"An encyclopedic inquiry into historic network of eurasian trade routes connecting east and west. Comprehensive survey covering definitions, historical development, and research implications.",2326,6,18,True,10,"['History & Civilizations', 'Articles on History']","['Renaissance Art', 'Public Health', 'Industrial Revolution', 'Artificial Intelligence']",False,7.74,87.74,B Class
100332,Global Impact of Renaissance Humanism,en,https://en.wikipedia.org/wiki/Global_Impact_of_Renaissance_Humanism,"An encyclopedic inquiry into intellectual movement originating in 14th-century italy. Comprehensive survey covering definitions, historical development, and research implications.",4049,18,45,True,15,"['History & Civilizations', 'Articles on History']","['Baroque Architecture', 'Existentialism', 'Homeric Epics', 'Magna Carta', 'Great Barrier Reef', 'Antarctic Ice Sheet', 'Nile River Basin', 'French Revolution']",False,11.11,96.67,Good / Featured Article
100333,Regional Study on Higgs Boson,en,https://en.wikipedia.org/wiki/Regional_Study_on_Higgs_Boson,"An encyclopedic inquiry into elementary particle in the standard model of particle physics. Comprehensive survey covering definitions, historical development, and research implications.",3036,15,56,True,17,"['Science & Technology', 'Articles on Science']","['Graphene', 'Mesopotamia', 'Galapagos Islands', 'Sociology of Knowledge', 'Ottoman Empire', 'General Relativity', 'French Revolution']",False,18.45,96.67,Good / Featured Article
100334,Principles of Harappan Civilization (Vol. 5),en,https://en.wikipedia.org/wiki/Principles_of_Harappan_Civilization_(Vol._5),"An encyclopedic inquiry into bronze age civilization in the northwestern regions of south asia. Comprehensive survey covering definitions, historical development, and research implications.",1846,6,21,True,13,"['History & Civilizations', 'Articles on History']","['Baroque Architecture', 'Mount Everest', 'Ring of Fire', 'Nile River Basin', 'Universal Declaration of Human Rights', 'Surrealism', 'Artificial Intelligence', 'Superconductivity', 'Homeric Epics']",False,11.38,91.71,B Class
100335,Philosophy of Space Race,en,https://en.wikipedia.org/wiki/Philosophy_of_Space_Race,"An encyclopedic inquiry into 20th-century competition between soviet union and united states. Comprehensive survey covering definitions, historical development, and research implications.",1256,4,11,False,0,"['History & Civilizations', 'Articles on History', 'Open Source Tech Envoy Corpus']","['Kabuki Theatre', 'Ancient Alexandria', 'Quantum Computing', 'Mount Everest', 'Epistemology', 'Harappan Civilization', 'Lake Baikal']",False,8.76,63.16,C Class
100336,Regional Study on Renaissance Humanism (Vol. 7),en,https://en.wikipedia.org/wiki/Regional_Study_on_Renaissance_Humanism_(Vol._7),"An encyclopedic inquiry into intellectual movement originating in 14th-century italy. Comprehensive survey covering definitions, historical development, and research implications.",3883,13,37,True,22,"['History & Civilizations', 'Articles on History', 'Open Source Tech Envoy Corpus']","['Graphene', 'Epistemology', 'Galapagos Islands']",False,9.53,99.3,Good / Featured Article
100337,Applications of Impressionism (Vol. 8),en,https://en.wikipedia.org/wiki/Applications_of_Impressionism_(Vol._8),"An encyclopedic inquiry into 19th-century art movement characterized by visible brush strokes. Comprehensive survey covering definitions, historical development, and research implications.",225,1,0,False,0,"['Literature & Arts', 'Articles on Literature', 'Open Source Tech Envoy Corpus']","['Existentialism', 'Photosynthesis', 'Dark Matter', 'Galapagos Islands', 'Bauhaus Movement', 'Game Theory']",True,0.0,28.38,Stub Class
100338,Contemporary Film Noir (Vol. 9),en,https://en.wikipedia.org/wiki/Contemporary_Film_Noir_(Vol._9),"An encyclopedic inquiry into cinematic term used primarily to describe stylish hollywood crime dramas. Comprehensive survey covering definitions, historical development, and research implications.",2744,13,53,True,16,"['Literature & Arts', 'Articles on Literature']","['James Webb Space Telescope', 'Higgs Boson', 'Behavioral Economics']",False,19.31,96.2,Good / Featured Article
100339,Advanced Mesopotamia,en,https://en.wikipedia.org/wiki/Advanced_Mesopotamia,"An encyclopedic inquiry into historical region of western asia situated within the tigris–euphrates. Comprehensive survey covering definitions, historical development, and research implications.",1433,4,5,True,4,"['History & Civilizations', 'Articles on History', 'Open Source Tech Envoy Corpus']","['Mariana Trench', 'Renaissance Humanism', 'Quantum Computing', 'Space Race', 'Classical Music', 'Superconductivity']",False,3.49,67.35,C Class
100340,Philosophy of Lake Baikal,en,https://en.wikipedia.org/wiki/Philosophy_of_Lake_Baikal,"An encyclopedic inquiry into ancient, massive lake in mountainous russian region of siberia. Comprehensive survey covering definitions, historical development, and research implications.",1631,7,29,True,16,"['Geography & Earth', 'Articles on Geography', 'Open Source Tech Envoy Corpus']","['Magna Carta', 'Postmodern Literature', 'General Relativity', 'Ancient Alexandria', 'Universal Declaration of Human Rights', 'Amazon Rainforest', 'Space Race', 'Ottoman Empire']",False,17.78,96.8,B Class
100341,Introduction to Microbiome,en,https://en.wikipedia.org/wiki/Introduction_to_Microbiome,"An encyclopedic inquiry into aggregate of all microbiota residing on or within tissues. Comprehensive survey covering definitions, historical development, and research implications.",325,2,2,False,0,"['Science & Technology', 'Articles on Science']","['Constitutional Law', 'Galapagos Islands', 'Ancient Alexandria', 'Impressionism', 'Deep Learning', 'Magna Carta', 'Classical Music', 'Kabuki Theatre', 'Surrealism']",True,6.15,39.4,Start Class
100342,Global Impact of Antarctic Ice Sheet (Vol. 3),en,https://en.wikipedia.org/wiki/Global_Impact_of_Antarctic_Ice_Sheet_(Vol._3),"An encyclopedic inquiry into single largest mass of ice on earth covering antarctica. Comprehensive survey covering definitions, historical development, and research implications.",1324,5,6,False,0,"['Geography & Earth', 'Articles on Geography']","['General Relativity', 'Magna Carta', 'Dark Matter', 'Game Theory', 'Constitutional Law', 'Kabuki Theatre', 'French Revolution']",False,4.53,52.76,C Class
100343,Applications of Industrial Revolution,en,https://en.wikipedia.org/wiki/Applications_of_Industrial_Revolution,"An encyclopedic inquiry into transition to new manufacturing processes in europe and us. Comprehensive survey covering definitions, historical development, and research implications.",2287,8,16,True,9,"['History & Civilizations', 'Articles on History']","['Constitutional Law', 'Antarctic Ice Sheet', 'James Webb Space Telescope', 'Universal Declaration of Human Rights', 'Nile River Basin', 'Sahara Desert', 'Surrealism', 'Behavioral Economics']",False,7.0,85.34,B Class
100344,Foundations of Plate Tectonics,en,https://en.wikipedia.org/wiki/Foundations_of_Plate_Tectonics,"An encyclopedic inquiry into scientific theory explaining the dynamics of earth's lithosphere. Comprehensive survey covering definitions, historical development, and research implications.",1434,5,5,True,7,"['Science & Technology', 'Articles on Science']","['French Revolution', 'Nanotechnology', 'Homeric Epics', 'Surrealism', 'Byzantine Empire']",False,3.49,69.77,C Class
100345,Principles of Homeric Epics,en,https://en.wikipedia.org/wiki/Principles_of_Homeric_Epics,"An encyclopedic inquiry into ancient greek epic poems attributed to homer: iliad and odyssey. Comprehensive survey covering definitions, historical development, and research implications.",406,3,1,False,0,"['Literature & Arts', 'Articles on Literature', 'Open Source Tech Envoy Corpus']","['Antarctic Ice Sheet', 'Harappan Civilization', 'Constitutional Law', 'Renaissance Humanism']",True,2.46,39.77,Start Class
100346,Foundations of Microbiome (Vol. 7),en,https://en.wikipedia.org/wiki/Foundations_of_Microbiome_(Vol._7),"An encyclopedic inquiry into aggregate of all microbiota residing on or within tissues. Comprehensive survey covering definitions, historical development, and research implications.",565,3,4,False,0,"['Science & Technology', 'Articles on Science']","['Silk Road', 'Existentialism', 'Harappan Civilization', 'Nanotechnology', 'Classical Music', 'Kabuki Theatre']",True,7.08,46.91,Start Class
100347,Critique of Magna Carta (Vol. 8),en,https://en.wikipedia.org/wiki/Critique_of_Magna_Carta_(Vol._8),"An encyclopedic inquiry into royal charter of rights agreed to by king john of england. Comprehensive survey covering definitions, historical development, and research implications.",943,5,12,False,0,"['History & Civilizations', 'Articles on History']","['Surrealism', 'Postmodern Literature', 'General Relativity', 'Existentialism']",True,12.73,62.78,C Class
100348,Foundations of Thermodynamics (Vol. 9),en,https://en.wikipedia.org/wiki/Foundations_of_Thermodynamics_(Vol._9),"An encyclopedic inquiry into branch of physics dealing with heat and mechanical energy. Comprehensive survey covering definitions, historical development, and research implications.",3791,16,53,True,24,"['Science & Technology', 'Articles on Science']","['Public Health', 'Lake Baikal', 'Impressionism']",False,13.98,96.67,Good / Featured Article
100349,Applications of Renaissance Art,en,https://en.wikipedia.org/wiki/Applications_of_Renaissance_Art,"An encyclopedic inquiry into painting, sculpture, and decorative arts of european renaissance. Comprehensive survey covering definitions, historical development, and research implications.",117,2,2,False,0,"['Literature & Arts', 'Articles on Literature']","['Industrial Revolution', 'Galapagos Islands', 'Existentialism', 'Ring of Fire', 'Surrealism', 'Epistemology', 'Deep Learning']",True,17.09,39.8,Stub Class
100350,Regional Study on Lake Baikal (Vol. 1),en,https://en.wikipedia.org/wiki/Regional_Study_on_Lake_Baikal_(Vol._1),"An encyclopedic inquiry into ancient, massive lake in mountainous russian region of siberia. Comprehensive survey covering definitions, historical development, and research implications.",3857,12,56,True,24,"['Geography & Earth', 'Articles on Geography', 'Open Source Tech Envoy Corpus']","['Lake Baikal', 'Artificial Intelligence', 'Homeric Epics', 'Byzantine Empire', 'Public Health']",False,14.52,100.0,Good / Featured Article
100351,Introduction to Lake Baikal,en,https://en.wikipedia.org/wiki/Introduction_to_Lake_Baikal,"An encyclopedic inquiry into ancient, massive lake in mountainous russian region of siberia. Comprehensive survey covering definitions, historical development, and research implications.",1167,5,4,True,5,"['Geography & Earth', 'Articles on Geography', 'Open Source Tech Envoy Corpus']","['Antarctic Ice Sheet', 'Homeric Epics', 'Deep Learning', 'Game Theory']",False,3.43,68.83,C Class
100352,Applications of Harappan Civilization,en,https://en.wikipedia.org/wiki/Applications_of_Harappan_Civilization,"An encyclopedic inquiry into bronze age civilization in the northwestern regions of south asia. Comprehensive survey covering definitions, historical development, and research implications.",3531,10,63,True,12,"['History & Civilizations', 'Articles on History', 'Open Source Tech Envoy Corpus']","['Mount Everest', 'Behavioral Economics', 'Harappan Civilization', 'Space Race']",False,17.84,100.0,Good / Featured Article
100353,Contemporary Surrealism,en,https://en.wikipedia.org/wiki/Contemporary_Surrealism,"An encyclopedic inquiry into cultural movement beginning in 1920s depicting unnerving scenes. Comprehensive survey covering definitions, historical development, and research implications.",1985,8,26,True,9,"['Literature & Arts', 'Articles on Literature', 'Open Source Tech Envoy Corpus']","['Impressionism', 'Existentialism', 'Silk Road', 'Game Theory', 'Industrial Revolution', 'Renaissance Art', 'Galapagos Islands']",False,13.1,97.83,B Class
100354,Principles of Mount Everest,en,https://en.wikipedia.org/wiki/Principles_of_Mount_Everest,"An encyclopedic inquiry into earth's highest mountain above sea level in mahalangur himal. Comprehensive survey covering definitions, historical development, and research implications.",1298,4,11,True,5,"['Geography & Earth', 'Articles on Geography', 'Open Source Tech Envoy Corpus']","['Mount Everest', 'Ottoman Empire', 'French Revolution', 'Sociology of Knowledge']",False,8.47,79.15,C Class
100355,Philosophy of Microbiome,en,https://en.wikipedia.org/wiki/Philosophy_of_Microbiome,"An encyclopedic inquiry into aggregate of all microbiota residing on or within tissues. Comprehensive survey covering definitions, historical development, and research implications.",921,7,7,True,9,"['Science & Technology', 'Articles on Science', 'Open Source Tech Envoy Corpus']","['Dark Matter', 'Deep Learning', 'Higgs Boson', 'Graphene', 'Harappan Civilization']",False,7.6,79.39,C Class
100356,Critique of Classical Music,en,https://en.wikipedia.org/wiki/Critique_of_Classical_Music,"An encyclopedic inquiry into art music produced in the traditions of western culture. Comprehensive survey covering definitions, historical development, and research implications.",964,4,6,True,5,"['Literature & Arts', 'Articles on Literature', 'Open Source Tech Envoy Corpus']","['Graphene', 'Surrealism', 'Mesopotamia', 'Quantum Computing', 'Byzantine Empire', 'CRISPR Gene Editing', 'Nanotechnology']",False,6.22,71.21,C Class
100357,Introduction to Industrial Revolution,en,https://en.wikipedia.org/wiki/Introduction_to_Industrial_Revolution,"An encyclopedic inquiry into transition to new manufacturing processes in europe and us. Comprehensive survey covering definitions, historical development, and research implications.",1090,5,5,True,7,"['History & Civilizations', 'Articles on History', 'Open Source Tech Envoy Corpus']","['Postmodern Literature', 'Antarctic Ice Sheet', 'Impressionism', 'Quantum Computing', 'Kabuki Theatre', 'Behavioral Economics']",True,4.59,73.31,C Class
100358,Applications of Graphene,en,https://en.wikipedia.org/wiki/Applications_of_Graphene,"An encyclopedic inquiry into two-dimensional carbon allotrope with exceptional tensile strength. Comprehensive survey covering definitions, historical development, and research implications.",102,2,2,True,1,"['Science & Technology', 'Articles on Science', 'Open Source Tech Envoy Corpus']","['Deep Learning', 'Behavioral Economics', 'Renaissance Art', 'Epistemology', 'Higgs Boson', 'Baroque Architecture', 'Homeric Epics']",True,19.61,53.67,Stub Class
100359,Advanced Microbiome (Vol. 10),en,https://en.wikipedia.org/wiki/Advanced_Microbiome_(Vol._10),"An encyclopedic inquiry into aggregate of all microbiota residing on or within tissues. Comprehensive survey covering definitions, historical development, and research implications.",1316,5,10,True,5,"['Science & Technology', 'Articles on Science', 'Open Source Tech Envoy Corpus']","['Quantum Computing', 'Plate Tectonics', 'Mount Everest']",False,7.6,79.32,C Class
100360,Global Impact of Baroque Architecture (Vol. 1),en,https://en.wikipedia.org/wiki/Global_Impact_of_Baroque_Architecture_(Vol._1),"An encyclopedic inquiry into highly decorative and theatrical style of building in europe. Comprehensive survey covering definitions, historical development, and research implications.",2602,16,63,True,20,"['Literature & Arts', 'Articles on Literature', 'Open Source Tech Envoy Corpus']","['Galapagos Islands', 'Lake Baikal', 'Universal Declaration of Human Rights', 'Superconductivity', 'General Relativity', 'Ring of Fire', 'Homeric Epics', 'Nanotechnology', 'Postmodern Literature']",False,24.21,99.25,Good / Featured Article
100361,Contemporary Mesopotamia,en,https://en.wikipedia.org/wiki/Contemporary_Mesopotamia,"An encyclopedic inquiry into historical region of western asia situated within the tigris–euphrates. Comprehensive survey covering definitions, historical development, and research implications.",249,1,2,False,0,"['History & Civilizations', 'Articles on History', 'Open Source Tech Envoy Corpus']","['Mount Everest', 'Mariana Trench', 'Microbiome', 'Constitutional Law', 'Ring of Fire', 'Epistemology', 'Space Race', 'French Revolution']",True,8.03,42.15,Stub Class
100362,Critique of Industrial Revolution,en,https://en.wikipedia.org/wiki/Critique_of_Industrial_Revolution,"An encyclopedic inquiry into transition to new manufacturing processes in europe and us. Comprehensive survey covering definitions, historical development, and research implications.",323,4,1,False,0,"['History & Civilizations', 'Articles on History', 'Open Source Tech Envoy Corpus']","['General Relativity', 'Ancient Alexandria', 'Postmodern Literature', 'Galapagos Islands', 'Mesopotamia', 'Industrial Revolution', 'Plate Tectonics', 'Artificial Intelligence', 'Film Noir']",True,3.1,41.53,Start Class
100363,Applications of Surrealism,en,https://en.wikipedia.org/wiki/Applications_of_Surrealism,"An encyclopedic inquiry into cultural movement beginning in 1920s depicting unnerving scenes. Comprehensive survey covering definitions, historical development, and research implications.",449,4,3,False,0,"['Literature & Arts', 'Articles on Literature', 'Open Source Tech Envoy Corpus']","['Mesopotamia', 'Harappan Civilization', 'Photosynthesis', 'Deep Learning', 'Mariana Trench']",True,6.68,49.83,Start Class
100364,Global Impact of Harappan Civilization,en,https://en.wikipedia.org/wiki/Global_Impact_of_Harappan_Civilization,"An encyclopedic inquiry into bronze age civilization in the northwestern regions of south asia. Comprehensive survey covering definitions, historical development, and research implications.",2168,8,29,True,12,"['History & Civilizations', 'Articles on History']","['Ottoman Empire', 'Universal Declaration of Human Rights', 'Dark Matter', 'Mesopotamia', 'Nile River Basin', 'Behavioral Economics', 'Ring of Fire', 'Higgs Boson']",False,13.38,94.96,B Class
100365,Contemporary Antarctic Ice Sheet (Vol. 6),en,https://en.wikipedia.org/wiki/Contemporary_Antarctic_Ice_Sheet_(Vol._6),"An encyclopedic inquiry into single largest mass of ice on earth covering antarctica. Comprehensive survey covering definitions, historical development, and research implications.",678,2,2,False,0,"['Geography & Earth', 'Articles on Geography', 'Open Source Tech Envoy Corpus']","['Game Theory', 'Nanotechnology', 'Homeric Epics', 'Superconductivity', 'Public Health', 'Microbiome']",True,2.95,41.8,Start Class
100366,Contemporary Ottoman Empire,en,https://en.wikipedia.org/wiki/Contemporary_Ottoman_Empire,"An encyclopedic inquiry into imperial realm controlling much of southeast europe and western asia. Comprehensive survey covering definitions, historical development, and research implications.",83,2,0,True,4,"['History & Civilizations', 'Articles on History']","['Bauhaus Movement', 'Classical Music', 'Film Noir', 'James Webb Space Telescope', 'Graphene', 'Space Race', 'Impressionism']",True,0.0,36.8,Stub Class
100367,Philosophy of General Relativity (Vol. 8),en,https://en.wikipedia.org/wiki/Philosophy_of_General_Relativity_(Vol._8),"An encyclopedic inquiry into geometric theory of gravitation published by albert einstein. Comprehensive survey covering definitions, historical development, and research implications.",2010,8,30,True,8,"['Science & Technology', 'Articles on Science', 'Open Source Tech Envoy Corpus']","['General Relativity', 'Postmodern Literature', 'CRISPR Gene Editing', 'Kabuki Theatre', 'Space Race']",False,14.93,97.89,B Class
100368,Introduction to Epistemology,en,https://en.wikipedia.org/wiki/Introduction_to_Epistemology,"An encyclopedic inquiry into branch of philosophy concerned with nature and scope of knowledge. Comprehensive survey covering definitions, historical development, and research implications.",721,4,2,False,0,"['Social Sciences & Philosophy', 'Articles on Social Sciences']","['Artificial Intelligence', 'Plate Tectonics', 'Homeric Epics', 'Constitutional Law', 'Mount Everest', 'Ancient Alexandria']",True,2.77,42.52,Start Class
100369,Contemporary CRISPR Gene Editing (Vol. 10),en,https://en.wikipedia.org/wiki/Contemporary_CRISPR_Gene_Editing_(Vol._10),"An encyclopedic inquiry into biotechnological molecular biology genetic editing tool. Comprehensive survey covering definitions, historical development, and research implications.",1961,9,26,True,11,"['Science & Technology', 'Articles on Science', 'Open Source Tech Envoy Corpus']","['Graphene', 'General Relativity', 'Silk Road']",False,13.26,97.77,B Class
100370,History of Mount Everest,en,https://en.wikipedia.org/wiki/History_of_Mount_Everest,"An encyclopedic inquiry into earth's highest mountain above sea level in mahalangur himal. Comprehensive survey covering definitions, historical development, and research implications.",606,3,3,True,4,"['Geography & Earth', 'Articles on Geography', 'Open Source Tech Envoy Corpus']","['General Relativity', 'Nile River Basin', 'Ancient Alexandria']",True,4.95,61.81,Start Class
100371,Global Impact of Microbiome,en,https://en.wikipedia.org/wiki/Global_Impact_of_Microbiome,"An encyclopedic inquiry into aggregate of all microbiota residing on or within tissues. Comprehensive survey covering definitions, historical development, and research implications.",2144,9,9,False,0,"['Science & Technology', 'Articles on Science', 'Open Source Tech Envoy Corpus']","['Ottoman Empire', 'Antarctic Ice Sheet', 'Artificial Intelligence', 'Industrial Revolution', 'Higgs Boson', 'Mesopotamia']",False,4.2,59.93,C Class
100372,Contemporary Ancient Alexandria (Vol. 3),en,https://en.wikipedia.org/wiki/Contemporary_Ancient_Alexandria_(Vol._3),"An encyclopedic inquiry into major hellenistic center of commerce and scholarship in egypt. Comprehensive survey covering definitions, historical development, and research implications.",2776,7,0,True,12,"['History & Civilizations', 'Articles on History', 'Open Source Tech Envoy Corpus']","['Lake Baikal', 'Industrial Revolution', 'Galapagos Islands', 'Behavioral Economics', 'Antarctic Ice Sheet', 'Existentialism', 'Bauhaus Movement', 'Amazon Rainforest', 'Space Race']",True,0.0,69.59,Start Class
100373,Future Trends in Sahara Desert,en,https://en.wikipedia.org/wiki/Future_Trends_in_Sahara_Desert,"An encyclopedic inquiry into largest hot desert in the world covering north africa. Comprehensive survey covering definitions, historical development, and research implications.",1025,6,7,True,6,"['Geography & Earth', 'Articles on Geography', 'Open Source Tech Envoy Corpus']","['Quantum Computing', 'Ring of Fire', 'Superconductivity', 'Industrial Revolution', 'Thermodynamics', 'Space Race', 'Impressionism']",False,6.83,76.3,C Class
100374,Foundations of Artificial Intelligence,en,https://en.wikipedia.org/wiki/Foundations_of_Artificial_Intelligence,"An encyclopedic inquiry into study of intelligent agents and machine cognition. Comprehensive survey covering definitions, historical development, and research implications.",147,1,0,False,0,"['Science & Technology', 'Articles on Science', 'Open Source Tech Envoy Corpus']","['Ancient Alexandria', 'General Relativity', 'Ottoman Empire', 'Classical Music']",True,0.0,26.14,Stub Class
100375,Applications of French Revolution,en,https://en.wikipedia.org/wiki/Applications_of_French_Revolution,"An encyclopedic inquiry into period of radical political and societal change in france. Comprehensive survey covering definitions, historical development, and research implications.",120,1,2,True,2,"['History & Civilizations', 'Articles on History', 'Open Source Tech Envoy Corpus']","['Higgs Boson', 'Game Theory', 'Classical Music', 'Plate Tectonics', 'Great Barrier Reef']",True,16.67,53.77,Stub Class
100376,Applications of Microbiome,en,https://en.wikipedia.org/wiki/Applications_of_Microbiome,"An encyclopedic inquiry into aggregate of all microbiota residing on or within tissues. Comprehensive survey covering definitions, historical development, and research implications.",61,1,2,True,3,"['Science & Technology', 'Articles on Science', 'Open Source Tech Envoy Corpus']","['Baroque Architecture', 'French Revolution', 'Deep Learning', 'Epistemology', 'Photosynthesis', 'Superconductivity', 'General Relativity', 'Classical Music', 'Homeric Epics']",True,32.79,51.46,Stub Class
100377,Contemporary Baroque Architecture,en,https://en.wikipedia.org/wiki/Contemporary_Baroque_Architecture,"An encyclopedic inquiry into highly decorative and theatrical style of building in europe. Comprehensive survey covering definitions, historical development, and research implications.",1390,4,6,True,7,"['Literature & Arts', 'Articles on Literature']","['Silk Road', 'Great Barrier Reef', 'Higgs Boson', 'Universal Declaration of Human Rights', 'Lake Baikal', 'Public Health', 'Ottoman Empire']",False,4.32,69.45,C Class
100378,History of Galapagos Islands (Vol. 9),en,https://en.wikipedia.org/wiki/History_of_Galapagos_Islands_(Vol._9),"An encyclopedic inquiry into volcanic archipelago in pacific ocean known for endemic species. Comprehensive survey covering definitions, historical development, and research implications.",1123,4,4,True,7,"['Geography & Earth', 'Articles on Geography', 'Open Source Tech Envoy Corpus']","['Classical Music', 'Epistemology', 'Higgs Boson', 'Sahara Desert', 'Superconductivity', 'Bauhaus Movement']",False,3.56,69.32,C Class
100379,Contemporary Renaissance Humanism,en,https://en.wikipedia.org/wiki/Contemporary_Renaissance_Humanism,"An encyclopedic inquiry into intellectual movement originating in 14th-century italy. Comprehensive survey covering definitions, historical development, and research implications.",633,3,3,False,0,"['History & Civilizations', 'Articles on History', 'Open Source Tech Envoy Corpus']","['Higgs Boson', 'Nile River Basin', 'Industrial Revolution', 'Byzantine Empire', 'Silk Road']",True,4.74,46.73,Start Class
100380,Applications of Mariana Trench (Vol. 1),en,https://en.wikipedia.org/wiki/Applications_of_Mariana_Trench_(Vol._1),"An encyclopedic inquiry into deepest oceanic trench on earth located in western pacific. Comprehensive survey covering definitions, historical development, and research implications.",902,5,8,True,10,"['Geography & Earth', 'Articles on Geography', 'Open Source Tech Envoy Corpus']","['Harappan Civilization', 'Public Health', 'Ottoman Empire', 'Silk Road', 'Amazon Rainforest', 'Higgs Boson', 'Antarctic Ice Sheet', 'Nanotechnology', 'Universal Declaration of Human Rights']",False,8.87,81.79,C Class
100381,Foundations of Deep Learning,en,https://en.wikipedia.org/wiki/Foundations_of_Deep_Learning,"An encyclopedic inquiry into subset of machine learning based on artificial neural networks. Comprehensive survey covering definitions, historical development, and research implications.",2098,8,23,True,16,"['Science & Technology', 'Articles on Science']","['Artificial Intelligence', 'Higgs Boson', 'Mesopotamia', 'Great Barrier Reef', 'Nanotechnology', 'Impressionism', 'Mount Everest', 'Galapagos Islands', 'Kabuki Theatre']",False,10.96,93.59,B Class
100382,Global Impact of Public Health,en,https://en.wikipedia.org/wiki/Global_Impact_of_Public_Health,"An encyclopedic inquiry into science and art of preventing disease and promoting health. Comprehensive survey covering definitions, historical development, and research implications.",3120,11,50,True,19,"['Social Sciences & Philosophy', 'Articles on Social Sciences']","['Bauhaus Movement', 'Graphene', 'James Webb Space Telescope']",False,16.03,96.67,Good / Featured Article
100383,Contemporary Game Theory,en,https://en.wikipedia.org/wiki/Contemporary_Game_Theory,"An encyclopedic inquiry into mathematical study of strategic interaction among rational agents. Comprehensive survey covering definitions, historical development, and research implications.",1959,10,20,True,16,"['Social Sciences & Philosophy', 'Articles on Social Sciences', 'Open Source Tech Envoy Corpus']","['Nile River Basin', 'Constitutional Law', 'Industrial Revolution', 'French Revolution', 'Quantum Computing']",False,10.21,94.76,B Class
100384,Principles of Higgs Boson,en,https://en.wikipedia.org/wiki/Principles_of_Higgs_Boson,"An encyclopedic inquiry into elementary particle in the standard model of particle physics. Comprehensive survey covering definitions, historical development, and research implications.",1446,5,6,True,6,"['Science & Technology', 'Articles on Science']","['Lake Baikal', 'Great Barrier Reef', 'Epistemology', 'Game Theory', 'Amazon Rainforest', 'General Relativity', 'Space Race', 'Baroque Architecture']",False,4.15,70.15,C Class
100385,Global Impact of Baroque Architecture (Vol. 6),en,https://en.wikipedia.org/wiki/Global_Impact_of_Baroque_Architecture_(Vol._6),"An encyclopedic inquiry into highly decorative and theatrical style of building in europe. Comprehensive survey covering definitions, historical development, and research implications.",1124,6,8,True,7,"['Literature & Arts', 'Articles on Literature']","['General Relativity', 'Graphene', 'Meiji Restoration']",False,7.12,75.73,C Class
100386,Contemporary Amazon Rainforest,en,https://en.wikipedia.org/wiki/Contemporary_Amazon_Rainforest,"An encyclopedic inquiry into moist broadleaf tropical rainforest in the amazon basin. Comprehensive survey covering definitions, historical development, and research implications.",448,2,1,False,0,"['Geography & Earth', 'Articles on Geography']","['Amazon Rainforest', 'Mesopotamia', 'Graphene', 'Higgs Boson', 'Quantum Computing', 'Nanotechnology', 'Kabuki Theatre']",True,2.23,34.61,Start Class
100387,Philosophy of Photosynthesis (Vol. 8),en,https://en.wikipedia.org/wiki/Philosophy_of_Photosynthesis_(Vol._8),"An encyclopedic inquiry into biological process converting light energy into chemical energy. Comprehensive survey covering definitions, historical development, and research implications.",2770,14,38,True,21,"['Science & Technology', 'Articles on Science', 'Open Source Tech Envoy Corpus']","['Nile River Basin', 'James Webb Space Telescope', 'Quantum Computing', 'Epistemology', 'Ottoman Empire', 'Mount Everest']",False,13.72,99.58,Good / Featured Article
100388,Philosophy of Deep Learning (Vol. 9),en,https://en.wikipedia.org/wiki/Philosophy_of_Deep_Learning_(Vol._9),"An encyclopedic inquiry into subset of machine learning based on artificial neural networks. Comprehensive survey covering definitions, historical development, and research implications.",387,2,2,False,0,"['Science & Technology', 'Articles on Science', 'Open Source Tech Envoy Corpus']","['Magna Carta', 'Microbiome', 'Byzantine Empire', 'Game Theory', 'Ancient Alexandria', 'Amazon Rainforest']",True,5.17,42.18,Start Class
100389,Contemporary French Revolution,en,https://en.wikipedia.org/wiki/Contemporary_French_Revolution,"An encyclopedic inquiry into period of radical political and societal change in france. Comprehensive survey covering definitions, historical development, and research implications.",211,2,2,False,0,"['History & Civilizations', 'Articles on History', 'Open Source Tech Envoy Corpus']","['Galapagos Islands', 'Silk Road', 'Nile River Basin', 'Amazon Rainforest', 'Nanotechnology', 'Bauhaus Movement']",True,9.48,45.46,Stub Class
100390,Global Impact of Impressionism,en,https://en.wikipedia.org/wiki/Global_Impact_of_Impressionism,"An encyclopedic inquiry into 19th-century art movement characterized by visible brush strokes. Comprehensive survey covering definitions, historical development, and research implications.",1174,6,10,False,0,"['Literature & Arts', 'Articles on Literature', 'Open Source Tech Envoy Corpus']","['Impressionism', 'Galapagos Islands', 'Magna Carta', 'French Revolution', 'Ring of Fire', 'Existentialism', 'Microbiome', 'General Relativity']",False,8.52,63.85,C Class
100391,Introduction to Mount Everest,en,https://en.wikipedia.org/wiki/Introduction_to_Mount_Everest,"An encyclopedic inquiry into earth's highest mountain above sea level in mahalangur himal. Comprehensive survey covering definitions, historical development, and research implications.",1240,5,8,True,8,"['Geography & Earth', 'Articles on Geography']","['Galapagos Islands', 'Artificial Intelligence', 'Bauhaus Movement', 'Great Barrier Reef', 'Universal Declaration of Human Rights', 'Ring of Fire']",False,6.45,76.5,C Class
100392,Regional Study on Mesopotamia,en,https://en.wikipedia.org/wiki/Regional_Study_on_Mesopotamia,"An encyclopedic inquiry into historical region of western asia situated within the tigris–euphrates. Comprehensive survey covering definitions, historical development, and research implications.",1187,6,7,False,0,"['History & Civilizations', 'Articles on History']","['Graphene', 'Film Noir', 'Game Theory', 'Surrealism']",False,5.9,54.84,C Class
100393,Global Impact of Mount Everest (Vol. 4),en,https://en.wikipedia.org/wiki/Global_Impact_of_Mount_Everest_(Vol._4),"An encyclopedic inquiry into earth's highest mountain above sea level in mahalangur himal. Comprehensive survey covering definitions, historical development, and research implications.",106,2,0,False,0,"['Geography & Earth', 'Articles on Geography', 'Open Source Tech Envoy Corpus']","['Silk Road', 'Ancient Alexandria', 'Surrealism', 'Game Theory', 'Galapagos Islands', 'Public Health', 'Mesopotamia', 'Plate Tectonics']",True,0.0,26.42,Stub Class
100394,Global Impact of Sahara Desert (Vol. 5),en,https://en.wikipedia.org/wiki/Global_Impact_of_Sahara_Desert_(Vol._5),"An encyclopedic inquiry into largest hot desert in the world covering north africa. Comprehensive survey covering definitions, historical development, and research implications.",904,6,8,False,0,"['Geography & Earth', 'Articles on Geography']","['Baroque Architecture', 'Great Barrier Reef', 'Plate Tectonics', 'Renaissance Humanism', 'Quantum Computing', 'Deep Learning', 'James Webb Space Telescope', 'Galapagos Islands']",False,8.85,58.43,C Class
100395,Applications of Artificial Intelligence,en,https://en.wikipedia.org/wiki/Applications_of_Artificial_Intelligence,"An encyclopedic inquiry into study of intelligent agents and machine cognition. Comprehensive survey covering definitions, historical development, and research implications.",3620,17,46,True,23,"['Science & Technology', 'Articles on Science', 'Open Source Tech Envoy Corpus']","['Great Barrier Reef', 'Dark Matter', 'Meiji Restoration']",False,12.71,100.0,Good / Featured Article
100396,History of Behavioral Economics,en,https://en.wikipedia.org/wiki/History_of_Behavioral_Economics,"An encyclopedic inquiry into effects of psychological and social factors on economic decisions. Comprehensive survey covering definitions, historical development, and research implications.",1056,4,10,False,0,"['Social Sciences & Philosophy', 'Articles on Social Sciences']","['Universal Declaration of Human Rights', 'Deep Learning', 'James Webb Space Telescope', 'Silk Road', 'Epistemology', 'Ottoman Empire', 'Thermodynamics', 'Galapagos Islands', 'Ring of Fire']",True,9.47,59.38,C Class
100397,Advanced Byzantine Empire,en,https://en.wikipedia.org/wiki/Advanced_Byzantine_Empire,"An encyclopedic inquiry into continuation of the roman empire in its eastern provinces. Comprehensive survey covering definitions, historical development, and research implications.",586,3,2,False,0,"['History & Civilizations', 'Articles on History', 'Open Source Tech Envoy Corpus']","['Byzantine Empire', 'Game Theory', 'CRISPR Gene Editing', 'Plate Tectonics', 'Sahara Desert', 'Existentialism']",True,3.41,43.73,Start Class
100398,Contemporary Magna Carta,en,https://en.wikipedia.org/wiki/Contemporary_Magna_Carta,"An encyclopedic inquiry into royal charter of rights agreed to by king john of england. Comprehensive survey covering definitions, historical development, and research implications.",1969,11,15,True,11,"['History & Civilizations', 'Articles on History']","['CRISPR Gene Editing', 'Game Theory', 'Nile River Basin', 'Mount Everest', 'Superconductivity', 'Industrial Revolution', 'Ring of Fire', 'Impressionism']",False,7.62,84.88,B Class
100399,Applications of Superconductivity (Vol. 10),en,https://en.wikipedia.org/wiki/Applications_of_Superconductivity_(Vol._10),"An encyclopedic inquiry into zero electrical resistance occurring in certain materials. Comprehensive survey covering definitions, historical development, and research implications.",724,2,2,True,6,"['Science & Technology', 'Articles on Science']","['Artificial Intelligence', 'Graphene', 'Behavioral Economics', 'Silk Road', 'Renaissance Art']",True,2.76,56.03,Start Class
100400,Foundations of Behavioral Economics,en,https://en.wikipedia.org/wiki/Foundations_of_Behavioral_Economics,"An encyclopedic inquiry into effects of psychological and social factors on economic decisions. Comprehensive survey covering definitions, historical development, and research implications.",1433,4,9,False,0,"['Social Sciences & Philosophy', 'Articles on Social Sciences']","['Deep Learning', 'Harappan Civilization', 'Epistemology', 'General Relativity', 'Byzantine Empire', 'Graphene', 'Great Barrier Reef']",False,6.28,55.6,C Class
100401,Regional Study on Bauhaus Movement,en,https://en.wikipedia.org/wiki/Regional_Study_on_Bauhaus_Movement,"An encyclopedic inquiry into german art school operational from 1919 to 1933 combining crafts. Comprehensive survey covering definitions, historical development, and research implications.",707,3,3,True,2,"['Literature & Arts', 'Articles on Literature', 'Open Source Tech Envoy Corpus']","['Great Barrier Reef', 'Microbiome', 'Renaissance Humanism', 'Nile River Basin']",True,4.24,59.06,C Class
100402,Advanced Bauhaus Movement (Vol. 3),en,https://en.wikipedia.org/wiki/Advanced_Bauhaus_Movement_(Vol._3),"An encyclopedic inquiry into german art school operational from 1919 to 1933 combining crafts. Comprehensive survey covering definitions, historical development, and research implications.",1101,7,12,False,0,"['Literature & Arts', 'Articles on Literature', 'Open Source Tech Envoy Corpus']","['Industrial Revolution', 'CRISPR Gene Editing', 'Great Barrier Reef', 'Film Noir']",False,10.9,66.93,C Class
100403,Contemporary French Revolution (Vol. 4),en,https://en.wikipedia.org/wiki/Contemporary_French_Revolution_(Vol._4),"An encyclopedic inquiry into period of radical political and societal change in france. Comprehensive survey covering definitions, historical development, and research implications.",550,3,3,False,0,"['History & Civilizations', 'Articles on History', 'Open Source Tech Envoy Corpus']","['Existentialism', 'Postmodern Literature', 'Nile River Basin', 'Graphene', 'Thermodynamics']",True,5.45,47.05,Start Class
100404,History of Sahara Desert,en,https://en.wikipedia.org/wiki/History_of_Sahara_Desert,"An encyclopedic inquiry into largest hot desert in the world covering north africa. Comprehensive survey covering definitions, historical development, and research implications.",689,4,1,True,5,"['Geography & Earth', 'Articles on Geography']","['Space Race', 'Kabuki Theatre', 'Higgs Boson', 'Quantum Computing', 'Baroque Architecture', 'Harappan Civilization', 'Behavioral Economics']",True,1.45,55.96,Start Class
100405,Regional Study on Plate Tectonics,en,https://en.wikipedia.org/wiki/Regional_Study_on_Plate_Tectonics,"An encyclopedic inquiry into scientific theory explaining the dynamics of earth's lithosphere. Comprehensive survey covering definitions, historical development, and research implications.",657,2,1,True,3,"['Science & Technology', 'Articles on Science']","['Nile River Basin', 'Deep Learning', 'Baroque Architecture', 'Ancient Alexandria', 'Renaissance Humanism', 'Mesopotamia', 'Surrealism', 'Behavioral Economics', 'Superconductivity']",True,1.52,49.31,Start Class
100406,History of Higgs Boson (Vol. 7),en,https://en.wikipedia.org/wiki/History_of_Higgs_Boson_(Vol._7),"An encyclopedic inquiry into elementary particle in the standard model of particle physics. Comprehensive survey covering definitions, historical development, and research implications.",2138,6,22,True,13,"['Science & Technology', 'Articles on Science', 'Open Source Tech Envoy Corpus']","['Plate Tectonics', 'Photosynthesis', 'CRISPR Gene Editing', 'Antarctic Ice Sheet', 'Surrealism', 'Space Race']",False,10.29,96.42,B Class
100407,Global Impact of Microbiome (Vol. 8),en,https://en.wikipedia.org/wiki/Global_Impact_of_Microbiome_(Vol._8),"An encyclopedic inquiry into aggregate of all microbiota residing on or within tissues. Comprehensive survey covering definitions, historical development, and research implications.",360,4,4,False,0,"['Science & Technology', 'Articles on Science', 'Open Source Tech Envoy Corpus']","['Dark Matter', 'Surrealism', 'Great Barrier Reef']",True,11.11,54.25,Start Class
100408,Foundations of Nile River Basin,en,https://en.wikipedia.org/wiki/Foundations_of_Nile_River_Basin,"An encyclopedic inquiry into major north-flowing river drainage system in northeastern africa. Comprehensive survey covering definitions, historical development, and research implications.",1283,5,2,True,12,"['Geography & Earth', 'Articles on Geography']","['Sociology of Knowledge', 'Harappan Civilization', 'Behavioral Economics', 'Film Noir', 'James Webb Space Telescope', 'Baroque Architecture']",True,1.56,65.74,Start Class
100409,Philosophy of Magna Carta (Vol. 10),en,https://en.wikipedia.org/wiki/Philosophy_of_Magna_Carta_(Vol._10),"An encyclopedic inquiry into royal charter of rights agreed to by king john of england. Comprehensive survey covering definitions, historical development, and research implications.",2545,9,0,True,11,"['History & Civilizations', 'Articles on History']","['Photosynthesis', 'Public Health', 'Kabuki Theatre', 'Microbiome', 'Galapagos Islands', 'Space Race', 'Plate Tectonics']",True,0.0,65.8,Start Class
100410,Regional Study on Higgs Boson (Vol. 1),en,https://en.wikipedia.org/wiki/Regional_Study_on_Higgs_Boson_(Vol._1),"An encyclopedic inquiry into elementary particle in the standard model of particle physics. Comprehensive survey covering definitions, historical development, and research implications.",679,2,4,False,0,"['Science & Technology', 'Articles on Science', 'Open Source Tech Envoy Corpus']","['Game Theory', 'Photosynthesis', 'Epistemology', 'Impressionism', 'Antarctic Ice Sheet', 'French Revolution']",True,5.89,47.42,C Class
100411,Regional Study on Higgs Boson (Vol. 2),en,https://en.wikipedia.org/wiki/Regional_Study_on_Higgs_Boson_(Vol._2),"An encyclopedic inquiry into elementary particle in the standard model of particle physics. Comprehensive survey covering definitions, historical development, and research implications.",1122,6,12,True,7,"['Science & Technology', 'Articles on Science', 'Open Source Tech Envoy Corpus']","['Homeric Epics', 'Graphene', 'Galapagos Islands', 'Postmodern Literature', 'Amazon Rainforest']",True,10.7,85.78,C Class
100412,Foundations of Mariana Trench,en,https://en.wikipedia.org/wiki/Foundations_of_Mariana_Trench,"An encyclopedic inquiry into deepest oceanic trench on earth located in western pacific. Comprehensive survey covering definitions, historical development, and research implications.",1060,7,9,True,7,"['Geography & Earth', 'Articles on Geography', 'Open Source Tech Envoy Corpus']","['Antarctic Ice Sheet', 'Galapagos Islands', 'Dark Matter', 'Space Race']",False,8.49,81.41,C Class
100413,Principles of CRISPR Gene Editing (Vol. 4),en,https://en.wikipedia.org/wiki/Principles_of_CRISPR_Gene_Editing_(Vol._4),"An encyclopedic inquiry into biotechnological molecular biology genetic editing tool. Comprehensive survey covering definitions, historical development, and research implications.",1082,5,12,False,0,"['Science & Technology', 'Articles on Science']","['Nanotechnology', 'Magna Carta', 'Artificial Intelligence', 'Existentialism', 'Microbiome', 'Dark Matter', 'Renaissance Humanism']",False,11.09,63.5,C Class
100414,Introduction to Deep Learning,en,https://en.wikipedia.org/wiki/Introduction_to_Deep_Learning,"An encyclopedic inquiry into subset of machine learning based on artificial neural networks. Comprehensive survey covering definitions, historical development, and research implications.",2539,11,20,True,9,"['Science & Technology', 'Articles on Science']","['Byzantine Empire', 'Microbiome', 'Industrial Revolution', 'Constitutional Law', 'Magna Carta', 'General Relativity', 'Antarctic Ice Sheet']",False,7.88,89.61,B Class
100415,Contemporary Kabuki Theatre (Vol. 6),en,https://en.wikipedia.org/wiki/Contemporary_Kabuki_Theatre_(Vol._6),"An encyclopedic inquiry into classical japanese dance-drama known for stylized drama and makeup. Comprehensive survey covering definitions, historical development, and research implications.",368,2,3,True,6,"['Literature & Arts', 'Articles on Literature', 'Open Source Tech Envoy Corpus']","['Great Barrier Reef', 'Sociology of Knowledge', 'Bauhaus Movement', 'Antarctic Ice Sheet']",True,8.15,64.49,Start Class
100416,Philosophy of Space Race (Vol. 7),en,https://en.wikipedia.org/wiki/Philosophy_of_Space_Race_(Vol._7),"An encyclopedic inquiry into 20th-century competition between soviet union and united states. Comprehensive survey covering definitions, historical development, and research implications.",325,2,4,False,0,"['History & Civilizations', 'Articles on History', 'Open Source Tech Envoy Corpus']","['Meiji Restoration', 'French Revolution', 'Sociology of Knowledge', 'Mariana Trench', 'Mesopotamia', 'Superconductivity', 'Microbiome', 'Game Theory', 'Surrealism']",True,12.31,49.71,Start Class
100417,Contemporary CRISPR Gene Editing (Vol. 8),en,https://en.wikipedia.org/wiki/Contemporary_CRISPR_Gene_Editing_(Vol._8),"An encyclopedic inquiry into biotechnological molecular biology genetic editing tool. Comprehensive survey covering definitions, historical development, and research implications.",1202,4,11,False,0,"['Science & Technology', 'Articles on Science']","['Renaissance Humanism', 'Lake Baikal', 'Bauhaus Movement', 'Microbiome']",False,9.15,60.18,C Class
100418,Introduction to Ottoman Empire (Vol. 9),en,https://en.wikipedia.org/wiki/Introduction_to_Ottoman_Empire_(Vol._9),"An encyclopedic inquiry into imperial realm controlling much of southeast europe and western asia. Comprehensive survey covering definitions, historical development, and research implications.",2008,6,22,True,14,"['History & Civilizations', 'Articles on History']","['Ring of Fire', 'Antarctic Ice Sheet', 'Game Theory']",False,10.96,92.76,B Class
100419,Advanced Lake Baikal,en,https://en.wikipedia.org/wiki/Advanced_Lake_Baikal,"An encyclopedic inquiry into ancient, massive lake in mountainous russian region of siberia. Comprehensive survey covering definitions, historical development, and research implications.",522,4,2,True,6,"['Geography & Earth', 'Articles on Geography']","['Universal Declaration of Human Rights', 'Nanotechnology', 'Ring of Fire', 'Nile River Basin']",True,3.83,59.92,Start Class
100420,Applications of Byzantine Empire,en,https://en.wikipedia.org/wiki/Applications_of_Byzantine_Empire,"An encyclopedic inquiry into continuation of the roman empire in its eastern provinces. Comprehensive survey covering definitions, historical development, and research implications.",2990,15,45,True,21,"['History & Civilizations', 'Articles on History']","['Mariana Trench', 'Renaissance Humanism', 'Classical Music', 'Antarctic Ice Sheet', 'General Relativity', 'Superconductivity', 'Homeric Epics', 'Mesopotamia', 'Public Health']",False,15.05,96.65,Good / Featured Article
100421,History of Surrealism,en,https://en.wikipedia.org/wiki/History_of_Surrealism,"An encyclopedic inquiry into cultural movement beginning in 1920s depicting unnerving scenes. Comprehensive survey covering definitions, historical development, and research implications.",394,2,4,True,3,"['Literature & Arts', 'Articles on Literature', 'Open Source Tech Envoy Corpus']","['French Revolution', 'Baroque Architecture', 'Sociology of Knowledge', 'Constitutional Law']",True,10.15,64.47,Start Class
100422,Future Trends in Plate Tectonics,en,https://en.wikipedia.org/wiki/Future_Trends_in_Plate_Tectonics,"An encyclopedic inquiry into scientific theory explaining the dynamics of earth's lithosphere. Comprehensive survey covering definitions, historical development, and research implications.",913,7,8,True,6,"['Science & Technology', 'Articles on Science']","['Kabuki Theatre', 'General Relativity', 'Superconductivity', 'Game Theory', 'James Webb Space Telescope', 'Byzantine Empire', 'Baroque Architecture', 'Deep Learning', 'Ancient Alexandria']",False,8.76,75.85,C Class
100423,Applications of Galapagos Islands,en,https://en.wikipedia.org/wiki/Applications_of_Galapagos_Islands,"An encyclopedic inquiry into volcanic archipelago in pacific ocean known for endemic species. Comprehensive survey covering definitions, historical development, and research implications.",2284,9,14,True,16,"['Geography & Earth', 'Articles on Geography', 'Open Source Tech Envoy Corpus']","['Universal Declaration of Human Rights', 'Industrial Revolution', 'Nile River Basin', 'Ring of Fire', 'Baroque Architecture', 'Kabuki Theatre', 'Deep Learning']",False,6.13,86.16,B Class
100424,Principles of CRISPR Gene Editing (Vol. 5),en,https://en.wikipedia.org/wiki/Principles_of_CRISPR_Gene_Editing_(Vol._5),"An encyclopedic inquiry into biotechnological molecular biology genetic editing tool. Comprehensive survey covering definitions, historical development, and research implications.",2270,6,14,True,14,"['Science & Technology', 'Articles on Science']","['Plate Tectonics', 'Behavioral Economics', 'Bauhaus Movement', 'Baroque Architecture', 'Silk Road']",False,6.17,82.86,B Class
100425,Principles of Homeric Epics (Vol. 6),en,https://en.wikipedia.org/wiki/Principles_of_Homeric_Epics_(Vol._6),"An encyclopedic inquiry into ancient greek epic poems attributed to homer: iliad and odyssey. Comprehensive survey covering definitions, historical development, and research implications.",683,3,1,False,0,"['Literature & Arts', 'Articles on Literature', 'Open Source Tech Envoy Corpus']","['Harappan Civilization', 'Photosynthesis', 'Quantum Computing', 'Ancient Alexandria', 'Surrealism', 'Space Race', 'Microbiome', 'Epistemology']",True,1.46,41.01,Start Class
100426,Regional Study on Postmodern Literature,en,https://en.wikipedia.org/wiki/Regional_Study_on_Postmodern_Literature,"An encyclopedic inquiry into form of literature characterized by reliance on meta-fiction. Comprehensive survey covering definitions, historical development, and research implications.",3106,18,64,True,16,"['Literature & Arts', 'Articles on Literature']","['Lake Baikal', 'Sahara Desert', 'Nile River Basin', 'Film Noir']",False,20.61,96.67,Good / Featured Article
100427,Critique of Meiji Restoration (Vol. 8),en,https://en.wikipedia.org/wiki/Critique_of_Meiji_Restoration_(Vol._8),"An encyclopedic inquiry into political event that restored practical imperial rule to japan. Comprehensive survey covering definitions, historical development, and research implications.",1313,4,8,True,7,"['History & Civilizations', 'Articles on History']","['Quantum Computing', 'French Revolution', 'Classical Music', 'Impressionism']",True,6.09,73.01,C Class
100428,History of Sociology of Knowledge,en,https://en.wikipedia.org/wiki/History_of_Sociology_of_Knowledge,"An encyclopedic inquiry into study of relationship between human thought and social context. Comprehensive survey covering definitions, historical development, and research implications.",2694,9,1,True,11,"['Social Sciences & Philosophy', 'Articles on Social Sciences']","['Microbiome', 'Deep Learning', 'Meiji Restoration', 'Ottoman Empire', 'Homeric Epics']",True,0.37,67.26,Start Class
100429,Future Trends in Baroque Architecture,en,https://en.wikipedia.org/wiki/Future_Trends_in_Baroque_Architecture,"An encyclopedic inquiry into highly decorative and theatrical style of building in europe. Comprehensive survey covering definitions, historical development, and research implications.",597,2,2,True,6,"['Literature & Arts', 'Articles on Literature']","['Byzantine Empire', 'Antarctic Ice Sheet', 'Deep Learning', 'Mariana Trench', 'Magna Carta', 'Postmodern Literature']",True,3.35,55.9,Start Class
100430,Future Trends in Galapagos Islands,en,https://en.wikipedia.org/wiki/Future_Trends_in_Galapagos_Islands,"An encyclopedic inquiry into volcanic archipelago in pacific ocean known for endemic species. Comprehensive survey covering definitions, historical development, and research implications.",100,1,1,False,0,"['Geography & Earth', 'Articles on Geography', 'Open Source Tech Envoy Corpus']","['Nanotechnology', 'Magna Carta', 'Bauhaus Movement', 'Film Noir', 'Mount Everest', 'Public Health', 'Mariana Trench', 'Deep Learning', 'Surrealism']",True,10.0,39.71,Stub Class
100431,Philosophy of Kabuki Theatre (Vol. 2),en,https://en.wikipedia.org/wiki/Philosophy_of_Kabuki_Theatre_(Vol._2),"An encyclopedic inquiry into classical japanese dance-drama known for stylized drama and makeup. Comprehensive survey covering definitions, historical development, and research implications.",2441,7,22,True,11,"['Literature & Arts', 'Articles on Literature', 'Open Source Tech Envoy Corpus']","['Deep Learning', 'Kabuki Theatre', 'Quantum Computing', 'Universal Declaration of Human Rights', 'Renaissance Humanism', 'Mesopotamia', 'Epistemology', 'Magna Carta', 'Amazon Rainforest']",False,9.01,95.63,B Class
100432,Introduction to Photosynthesis (Vol. 3),en,https://en.wikipedia.org/wiki/Introduction_to_Photosynthesis_(Vol._3),"An encyclopedic inquiry into biological process converting light energy into chemical energy. Comprehensive survey covering definitions, historical development, and research implications.",1626,6,25,True,15,"['Science & Technology', 'Articles on Science']","['Baroque Architecture', 'Public Health', 'Silk Road', 'Postmodern Literature', 'Antarctic Ice Sheet', 'Existentialism', 'Microbiome', 'Constitutional Law', 'Universal Declaration of Human Rights']",False,15.38,93.45,B Class
100433,Regional Study on Nanotechnology (Vol. 4),en,https://en.wikipedia.org/wiki/Regional_Study_on_Nanotechnology_(Vol._4),"An encyclopedic inquiry into manipulation of matter on an atomic and molecular scale. Comprehensive survey covering definitions, historical development, and research implications.",101,1,0,False,0,"['Science & Technology', 'Articles on Science', 'Open Source Tech Envoy Corpus']","['Film Noir', 'Surrealism', 'Harappan Civilization', 'Higgs Boson', 'Space Race', 'Great Barrier Reef']",True,0.0,24.16,Stub Class
100434,History of Universal Declaration of Human Rights,en,https://en.wikipedia.org/wiki/History_of_Universal_Declaration_of_Human_Rights,"An encyclopedic inquiry into milestone document in history of human rights. Comprehensive survey covering definitions, historical development, and research implications.",2099,8,2,True,11,"['Social Sciences & Philosophy', 'Articles on Social Sciences']","['Microbiome', 'Game Theory', 'Homeric Epics', 'Plate Tectonics', 'Universal Declaration of Human Rights', 'Dark Matter']",True,0.95,67.41,Start Class
100435,Critique of Renaissance Humanism,en,https://en.wikipedia.org/wiki/Critique_of_Renaissance_Humanism,"An encyclopedic inquiry into intellectual movement originating in 14th-century italy. Comprehensive survey covering definitions, historical development, and research implications.",160,1,2,False,0,"['History & Civilizations', 'Articles on History', 'Open Source Tech Envoy Corpus']","['Ottoman Empire', 'Epistemology', 'CRISPR Gene Editing', 'Postmodern Literature', 'Game Theory', 'Space Race']",True,12.5,42.78,Stub Class
100436,Critique of Amazon Rainforest,en,https://en.wikipedia.org/wiki/Critique_of_Amazon_Rainforest,"An encyclopedic inquiry into moist broadleaf tropical rainforest in the amazon basin. Comprehensive survey covering definitions, historical development, and research implications.",248,2,0,False,0,"['Geography & Earth', 'Articles on Geography']","['Byzantine Empire', 'Mount Everest', 'Galapagos Islands']",True,0.0,27.56,Stub Class
100437,History of Impressionism,en,https://en.wikipedia.org/wiki/History_of_Impressionism,"An encyclopedic inquiry into 19th-century art movement characterized by visible brush strokes. Comprehensive survey covering definitions, historical development, and research implications.",2227,11,15,True,16,"['Literature & Arts', 'Articles on Literature', 'Open Source Tech Envoy Corpus']","['Ottoman Empire', 'Magna Carta', 'Epistemology', 'Ancient Alexandria', 'Sahara Desert', 'Graphene']",False,6.74,87.54,B Class
100438,Critique of Deep Learning,en,https://en.wikipedia.org/wiki/Critique_of_Deep_Learning,"An encyclopedic inquiry into subset of machine learning based on artificial neural networks. Comprehensive survey covering definitions, historical development, and research implications.",238,1,2,False,0,"['Science & Technology', 'Articles on Science', 'Open Source Tech Envoy Corpus']","['General Relativity', 'Kabuki Theatre', 'Lake Baikal', 'Superconductivity', 'Higgs Boson', 'Epistemology']",True,8.4,42.47,Stub Class
100439,Critique of Renaissance Humanism (Vol. 10),en,https://en.wikipedia.org/wiki/Critique_of_Renaissance_Humanism_(Vol._10),"An encyclopedic inquiry into intellectual movement originating in 14th-century italy. Comprehensive survey covering definitions, historical development, and research implications.",3928,12,64,True,23,"['History & Civilizations', 'Articles on History']","['Renaissance Art', 'Film Noir', 'Plate Tectonics', 'Sahara Desert', 'General Relativity', 'Industrial Revolution']",False,16.29,96.67,Good / Featured Article
100440,Philosophy of Kabuki Theatre (Vol. 1),en,https://en.wikipedia.org/wiki/Philosophy_of_Kabuki_Theatre_(Vol._1),"An encyclopedic inquiry into classical japanese dance-drama known for stylized drama and makeup. Comprehensive survey covering definitions, historical development, and research implications.",3647,12,54,True,18,"['Literature & Arts', 'Articles on Literature', 'Open Source Tech Envoy Corpus']","['Amazon Rainforest', 'Impressionism', 'Harappan Civilization', 'General Relativity', 'Mount Everest', 'Film Noir', 'Space Race', 'Kabuki Theatre']",False,14.81,100.0,Good / Featured Article
100441,Advanced Nile River Basin,en,https://en.wikipedia.org/wiki/Advanced_Nile_River_Basin,"An encyclopedic inquiry into major north-flowing river drainage system in northeastern africa. Comprehensive survey covering definitions, historical development, and research implications.",2896,10,40,True,18,"['Geography & Earth', 'Articles on Geography']","['Meiji Restoration', 'Antarctic Ice Sheet', 'Homeric Epics', 'Deep Learning']",False,13.81,96.48,Good / Featured Article
100442,Principles of Magna Carta (Vol. 3),en,https://en.wikipedia.org/wiki/Principles_of_Magna_Carta_(Vol._3),"An encyclopedic inquiry into royal charter of rights agreed to by king john of england. Comprehensive survey covering definitions, historical development, and research implications.",711,2,3,False,0,"['History & Civilizations', 'Articles on History']","['Ancient Alexandria', 'Impressionism', 'Higgs Boson', 'Superconductivity', 'Nanotechnology', 'Plate Tectonics']",True,4.22,41.23,Start Class
100443,Critique of Public Health (Vol. 4),en,https://en.wikipedia.org/wiki/Critique_of_Public_Health_(Vol._4),"An encyclopedic inquiry into science and art of preventing disease and promoting health. Comprehensive survey covering definitions, historical development, and research implications.",1287,7,11,True,8,"['Social Sciences & Philosophy', 'Articles on Social Sciences']","['Postmodern Literature', 'Great Barrier Reef', 'Byzantine Empire']",False,8.55,81.64,C Class
100444,Regional Study on Byzantine Empire,en,https://en.wikipedia.org/wiki/Regional_Study_on_Byzantine_Empire,"An encyclopedic inquiry into continuation of the roman empire in its eastern provinces. Comprehensive survey covering definitions, historical development, and research implications.",1637,6,18,True,12,"['History & Civilizations', 'Articles on History', 'Open Source Tech Envoy Corpus']","['Nile River Basin', 'Sociology of Knowledge', 'Existentialism', 'Dark Matter', 'James Webb Space Telescope', 'Higgs Boson', 'Deep Learning', 'Behavioral Economics']",False,11.0,92.62,B Class
100445,Philosophy of Meiji Restoration,en,https://en.wikipedia.org/wiki/Philosophy_of_Meiji_Restoration,"An encyclopedic inquiry into political event that restored practical imperial rule to japan. Comprehensive survey covering definitions, historical development, and research implications.",3818,18,53,True,14,"['History & Civilizations', 'Articles on History', 'Open Source Tech Envoy Corpus']","['Higgs Boson', 'Graphene', 'Classical Music', 'Ancient Alexandria', 'Baroque Architecture', 'Homeric Epics']",False,13.88,100.0,Good / Featured Article
100446,Foundations of Sahara Desert (Vol. 7),en,https://en.wikipedia.org/wiki/Foundations_of_Sahara_Desert_(Vol._7),"An encyclopedic inquiry into largest hot desert in the world covering north africa. Comprehensive survey covering definitions, historical development, and research implications.",1188,7,5,True,4,"['Geography & Earth', 'Articles on Geography']","['General Relativity', 'Epistemology', 'Magna Carta']",False,4.21,66.11,C Class
100447,Philosophy of Nanotechnology (Vol. 8),en,https://en.wikipedia.org/wiki/Philosophy_of_Nanotechnology_(Vol._8),"An encyclopedic inquiry into manipulation of matter on an atomic and molecular scale. Comprehensive survey covering definitions, historical development, and research implications.",349,4,1,True,6,"['Science & Technology', 'Articles on Science']","['Meiji Restoration', 'Mount Everest', 'Mesopotamia', 'Dark Matter', 'Bauhaus Movement']",True,2.87,55.76,Start Class
100448,Critique of General Relativity (Vol. 9),en,https://en.wikipedia.org/wiki/Critique_of_General_Relativity_(Vol._9),"An encyclopedic inquiry into geometric theory of gravitation published by albert einstein. Comprehensive survey covering definitions, historical development, and research implications.",639,2,3,True,5,"['Science & Technology', 'Articles on Science', 'Open Source Tech Envoy Corpus']","['Behavioral Economics', 'Film Noir', 'Ancient Alexandria', 'Mariana Trench', 'Postmodern Literature', 'Renaissance Humanism', 'Industrial Revolution']",True,4.69,60.95,Start Class
100449,Foundations of Mount Everest,en,https://en.wikipedia.org/wiki/Foundations_of_Mount_Everest,"An encyclopedic inquiry into earth's highest mountain above sea level in mahalangur himal. Comprehensive survey covering definitions, historical development, and research implications.",320,2,1,False,0,"['Geography & Earth', 'Articles on Geography', 'Open Source Tech Envoy Corpus']","['Constitutional Law', 'Higgs Boson', 'Baroque Architecture', 'Microbiome', 'Film Noir', 'Ancient Alexandria']",True,3.12,37.51,Start Class
100450,Philosophy of Behavioral Economics (Vol. 1),en,https://en.wikipedia.org/wiki/Philosophy_of_Behavioral_Economics_(Vol._1),"An encyclopedic inquiry into effects of psychological and social factors on economic decisions. Comprehensive survey covering definitions, historical development, and research implications.",606,2,2,True,4,"['Social Sciences & Philosophy', 'Articles on Social Sciences']","['Constitutional Law', 'Baroque Architecture', 'Mesopotamia', 'CRISPR Gene Editing']",True,3.3,53.4,Start Class
100451,Philosophy of Industrial Revolution,en,https://en.wikipedia.org/wiki/Philosophy_of_Industrial_Revolution,"An encyclopedic inquiry into transition to new manufacturing processes in europe and us. Comprehensive survey covering definitions, historical development, and research implications.",1382,5,4,False,0,"['History & Civilizations', 'Articles on History']","['Nile River Basin', 'Renaissance Humanism', 'Epistemology', 'Artificial Intelligence', 'Superconductivity', 'Classical Music', 'Meiji Restoration']",True,2.89,49.33,C Class
100452,Critique of Classical Music (Vol. 3),en,https://en.wikipedia.org/wiki/Critique_of_Classical_Music_(Vol._3),"An encyclopedic inquiry into art music produced in the traditions of western culture. Comprehensive survey covering definitions, historical development, and research implications.",268,1,1,True,3,"['Literature & Arts', 'Articles on Literature', 'Open Source Tech Envoy Corpus']","['CRISPR Gene Editing', 'Surrealism', 'Nanotechnology', 'Ring of Fire', 'Deep Learning', 'Impressionism', 'Sahara Desert', 'Galapagos Islands', 'Meiji Restoration']",True,3.73,49.24,Stub Class
100453,Foundations of Antarctic Ice Sheet (Vol. 4),en,https://en.wikipedia.org/wiki/Foundations_of_Antarctic_Ice_Sheet_(Vol._4),"An encyclopedic inquiry into single largest mass of ice on earth covering antarctica. Comprehensive survey covering definitions, historical development, and research implications.",396,2,3,False,0,"['Geography & Earth', 'Articles on Geography']","['Galapagos Islands', 'Quantum Computing', 'Dark Matter', 'Antarctic Ice Sheet', 'Classical Music', 'Meiji Restoration', 'French Revolution']",True,7.58,43.19,Start Class
100454,Future Trends in Space Race (Vol. 5),en,https://en.wikipedia.org/wiki/Future_Trends_in_Space_Race_(Vol._5),"An encyclopedic inquiry into 20th-century competition between soviet union and united states. Comprehensive survey covering definitions, historical development, and research implications.",1115,4,9,False,0,"['History & Civilizations', 'Articles on History', 'Open Source Tech Envoy Corpus']","['Antarctic Ice Sheet', 'Postmodern Literature', 'Space Race', 'Higgs Boson']",False,8.07,60.3,C Class
100455,Contemporary Byzantine Empire,en,https://en.wikipedia.org/wiki/Contemporary_Byzantine_Empire,"An encyclopedic inquiry into continuation of the roman empire in its eastern provinces. Comprehensive survey covering definitions, historical development, and research implications.",838,4,7,True,4,"['History & Civilizations', 'Articles on History']","['Dark Matter', 'Mount Everest', 'Magna Carta', 'Higgs Boson', 'Superconductivity']",True,8.35,69.68,C Class
100456,Introduction to Lake Baikal (Vol. 7),en,https://en.wikipedia.org/wiki/Introduction_to_Lake_Baikal_(Vol._7),"An encyclopedic inquiry into ancient, massive lake in mountainous russian region of siberia. Comprehensive survey covering definitions, historical development, and research implications.",1700,11,30,True,10,"['Geography & Earth', 'Articles on Geography', 'Open Source Tech Envoy Corpus']","['Kabuki Theatre', 'Mount Everest', 'Magna Carta', 'Epistemology', 'Renaissance Humanism', 'Deep Learning']",False,17.65,97.01,B Class
100457,Foundations of Dark Matter (Vol. 8),en,https://en.wikipedia.org/wiki/Foundations_of_Dark_Matter_(Vol._8),"An encyclopedic inquiry into hypothetical form of matter thought to account for 85% of matter. Comprehensive survey covering definitions, historical development, and research implications.",3817,11,62,True,17,"['Science & Technology', 'Articles on Science', 'Open Source Tech Envoy Corpus']","['Film Noir', 'Mount Everest', 'Superconductivity', 'Artificial Intelligence', 'Magna Carta', 'CRISPR Gene Editing']",False,16.24,100.0,Good / Featured Article
100458,History of Sahara Desert (Vol. 9),en,https://en.wikipedia.org/wiki/History_of_Sahara_Desert_(Vol._9),"An encyclopedic inquiry into largest hot desert in the world covering north africa. Comprehensive survey covering definitions, historical development, and research implications.",1797,8,23,True,16,"['Geography & Earth', 'Articles on Geography']","['Homeric Epics', 'Game Theory', 'Magna Carta', 'Quantum Computing', 'Antarctic Ice Sheet', 'Universal Declaration of Human Rights', 'Sociology of Knowledge', 'Impressionism', 'Dark Matter']",False,12.8,92.77,B Class
100459,Critique of Renaissance Humanism (Vol. 10),en,https://en.wikipedia.org/wiki/Critique_of_Renaissance_Humanism_(Vol._10),"An encyclopedic inquiry into intellectual movement originating in 14th-century italy. Comprehensive survey covering definitions, historical development, and research implications.",606,2,1,False,0,"['History & Civilizations', 'Articles on History', 'Open Source Tech Envoy Corpus']","['Deep Learning', 'Graphene', 'Silk Road', 'Superconductivity', 'Artificial Intelligence']",True,1.65,38.66,Start Class
100460,Contemporary Nile River Basin,en,https://en.wikipedia.org/wiki/Contemporary_Nile_River_Basin,"An encyclopedic inquiry into major north-flowing river drainage system in northeastern africa. Comprehensive survey covering definitions, historical development, and research implications.",2153,6,28,True,10,"['Geography & Earth', 'Articles on Geography', 'Open Source Tech Envoy Corpus']","['Constitutional Law', 'Ancient Alexandria', 'Antarctic Ice Sheet', 'Byzantine Empire', 'Graphene', 'Thermodynamics', 'Magna Carta', 'Baroque Architecture']",False,13.01,98.26,B Class
100461,Critique of Quantum Computing,en,https://en.wikipedia.org/wiki/Critique_of_Quantum_Computing,"An encyclopedic inquiry into computation utilizing quantum mechanical phenomena. Comprehensive survey covering definitions, historical development, and research implications.",160,2,0,False,0,"['Science & Technology', 'Articles on Science']","['Photosynthesis', 'Space Race', 'James Webb Space Telescope']",True,0.0,25.25,Stub Class
100462,Contemporary Magna Carta (Vol. 3),en,https://en.wikipedia.org/wiki/Contemporary_Magna_Carta_(Vol._3),"An encyclopedic inquiry into royal charter of rights agreed to by king john of england. Comprehensive survey covering definitions, historical development, and research implications.",83,2,2,False,0,"['History & Civilizations', 'Articles on History', 'Open Source Tech Envoy Corpus']","['Universal Declaration of Human Rights', 'Homeric Epics', 'Constitutional Law', 'Galapagos Islands', 'General Relativity', 'Public Health', 'Epistemology', 'Sahara Desert']",True,24.1,41.33,Stub Class
100463,Future Trends in Magna Carta,en,https://en.wikipedia.org/wiki/Future_Trends_in_Magna_Carta,"An encyclopedic inquiry into royal charter of rights agreed to by king john of england. Comprehensive survey covering definitions, historical development, and research implications.",660,3,3,False,0,"['History & Civilizations', 'Articles on History']","['Sahara Desert', 'Ring of Fire', 'Microbiome', 'Sociology of Knowledge', 'Deep Learning', 'Baroque Architecture', 'Industrial Revolution', 'Harappan Civilization', 'Ottoman Empire']",True,4.55,43.33,C Class
100464,Philosophy of Quantum Computing,en,https://en.wikipedia.org/wiki/Philosophy_of_Quantum_Computing,"An encyclopedic inquiry into computation utilizing quantum mechanical phenomena. Comprehensive survey covering definitions, historical development, and research implications.",1418,4,6,True,9,"['Science & Technology', 'Articles on Science', 'Open Source Tech Envoy Corpus']","['Ring of Fire', 'Sahara Desert', 'Public Health', 'Graphene', 'Ancient Alexandria']",True,4.23,74.0,C Class
100465,Regional Study on Renaissance Humanism (Vol. 6),en,https://en.wikipedia.org/wiki/Regional_Study_on_Renaissance_Humanism_(Vol._6),"An encyclopedic inquiry into intellectual movement originating in 14th-century italy. Comprehensive survey covering definitions, historical development, and research implications.",566,2,4,False,0,"['History & Civilizations', 'Articles on History', 'Open Source Tech Envoy Corpus']","['Magna Carta', 'Galapagos Islands', 'Sahara Desert', 'Ottoman Empire', 'Renaissance Art', 'Mesopotamia', 'Byzantine Empire', 'Baroque Architecture', 'Universal Declaration of Human Rights']",True,7.07,48.23,Start Class
100466,Foundations of Sociology of Knowledge (Vol. 7),en,https://en.wikipedia.org/wiki/Foundations_of_Sociology_of_Knowledge_(Vol._7),"An encyclopedic inquiry into study of relationship between human thought and social context. Comprehensive survey covering definitions, historical development, and research implications.",1387,4,11,True,7,"['Social Sciences & Philosophy', 'Articles on Social Sciences', 'Open Source Tech Envoy Corpus']","['Mariana Trench', 'Antarctic Ice Sheet', 'Behavioral Economics', 'Meiji Restoration', 'Galapagos Islands', 'Bauhaus Movement', 'Byzantine Empire', 'Higgs Boson', 'Homeric Epics']",False,7.93,81.19,C Class
100467,Critique of Photosynthesis,en,https://en.wikipedia.org/wiki/Critique_of_Photosynthesis,"An encyclopedic inquiry into biological process converting light energy into chemical energy. Comprehensive survey covering definitions, historical development, and research implications.",1935,11,29,True,8,"['Science & Technology', 'Articles on Science', 'Open Source Tech Envoy Corpus']","['Thermodynamics', 'Postmodern Literature', 'Photosynthesis', 'Classical Music', 'Existentialism', 'Epistemology']",False,14.99,97.69,B Class
100468,Applications of General Relativity,en,https://en.wikipedia.org/wiki/Applications_of_General_Relativity,"An encyclopedic inquiry into geometric theory of gravitation published by albert einstein. Comprehensive survey covering definitions, historical development, and research implications.",196,2,1,False,0,"['Science & Technology', 'Articles on Science']","['Universal Declaration of Human Rights', 'Impressionism', 'Constitutional Law', 'Artificial Intelligence', 'Public Health', 'Deep Learning', 'Homeric Epics']",True,5.1,34.57,Stub Class
100469,Applications of Amazon Rainforest,en,https://en.wikipedia.org/wiki/Applications_of_Amazon_Rainforest,"An encyclopedic inquiry into moist broadleaf tropical rainforest in the amazon basin. Comprehensive survey covering definitions, historical development, and research implications.",2537,6,25,True,8,"['Geography & Earth', 'Articles on Geography', 'Open Source Tech Envoy Corpus']","['Magna Carta', 'Antarctic Ice Sheet', 'Behavioral Economics', 'Classical Music', 'Mariana Trench']",False,9.85,98.89,Good / Featured Article
100470,Regional Study on Baroque Architecture,en,https://en.wikipedia.org/wiki/Regional_Study_on_Baroque_Architecture,"An encyclopedic inquiry into highly decorative and theatrical style of building in europe. Comprehensive survey covering definitions, historical development, and research implications.",854,6,4,False,0,"['Literature & Arts', 'Articles on Literature', 'Open Source Tech Envoy Corpus']","['Public Health', 'Ancient Alexandria', 'James Webb Space Telescope', 'Harappan Civilization']",False,4.68,52.81,C Class
100471,Applications of Quantum Computing (Vol. 2),en,https://en.wikipedia.org/wiki/Applications_of_Quantum_Computing_(Vol._2),"An encyclopedic inquiry into computation utilizing quantum mechanical phenomena. Comprehensive survey covering definitions, historical development, and research implications.",1016,7,6,False,0,"['Science & Technology', 'Articles on Science', 'Open Source Tech Envoy Corpus']","['Ottoman Empire', 'Impressionism', 'Renaissance Humanism', 'Film Noir', 'Space Race', 'Public Health', 'Behavioral Economics']",False,5.91,56.77,C Class
100472,Contemporary Existentialism,en,https://en.wikipedia.org/wiki/Contemporary_Existentialism,"An encyclopedic inquiry into philosophical inquiry that explores the problem of human existence. Comprehensive survey covering definitions, historical development, and research implications.",64,2,0,False,0,"['Social Sciences & Philosophy', 'Articles on Social Sciences']","['Ancient Alexandria', 'Homeric Epics', 'Nanotechnology', 'Artificial Intelligence']",True,0.0,20.43,Stub Class
100473,Philosophy of Nanotechnology (Vol. 4),en,https://en.wikipedia.org/wiki/Philosophy_of_Nanotechnology_(Vol._4),"An encyclopedic inquiry into manipulation of matter on an atomic and molecular scale. Comprehensive survey covering definitions, historical development, and research implications.",2165,9,28,True,13,"['Science & Technology', 'Articles on Science', 'Open Source Tech Envoy Corpus']","['Mesopotamia', 'Sahara Desert', 'Behavioral Economics', 'Bauhaus Movement', 'Postmodern Literature', 'Mariana Trench', 'Baroque Architecture', 'Higgs Boson', 'Existentialism']",False,12.93,98.29,B Class
100474,Introduction to Microbiome (Vol. 5),en,https://en.wikipedia.org/wiki/Introduction_to_Microbiome_(Vol._5),"An encyclopedic inquiry into aggregate of all microbiota residing on or within tissues. Comprehensive survey covering definitions, historical development, and research implications.",1313,7,8,True,8,"['Science & Technology', 'Articles on Science', 'Open Source Tech Envoy Corpus']","['Antarctic Ice Sheet', 'Great Barrier Reef', 'Public Health']",False,6.09,79.59,C Class
100475,Global Impact of CRISPR Gene Editing,en,https://en.wikipedia.org/wiki/Global_Impact_of_CRISPR_Gene_Editing,"An encyclopedic inquiry into biotechnological molecular biology genetic editing tool. Comprehensive survey covering definitions, historical development, and research implications.",1339,7,8,True,8,"['Science & Technology', 'Articles on Science']","['Superconductivity', 'Renaissance Art', 'Ring of Fire', 'Bauhaus Movement', 'General Relativity']",True,5.97,76.18,C Class
100476,Applications of General Relativity (Vol. 7),en,https://en.wikipedia.org/wiki/Applications_of_General_Relativity_(Vol._7),"An encyclopedic inquiry into geometric theory of gravitation published by albert einstein. Comprehensive survey covering definitions, historical development, and research implications.",1151,4,12,True,8,"['Science & Technology', 'Articles on Science', 'Open Source Tech Envoy Corpus']","['Homeric Epics', 'Public Health', 'Thermodynamics', 'Classical Music', 'Impressionism', 'Galapagos Islands', 'Renaissance Art', 'Magna Carta']",True,10.43,85.16,C Class
100477,Foundations of Antarctic Ice Sheet (Vol. 8),en,https://en.wikipedia.org/wiki/Foundations_of_Antarctic_Ice_Sheet_(Vol._8),"An encyclopedic inquiry into single largest mass of ice on earth covering antarctica. Comprehensive survey covering definitions, historical development, and research implications.",1111,4,8,True,8,"['Geography & Earth', 'Articles on Geography', 'Open Source Tech Envoy Corpus']","['Constitutional Law', 'Ancient Alexandria', 'Graphene', 'CRISPR Gene Editing', 'Bauhaus Movement']",False,7.2,78.38,C Class
100478,Future Trends in James Webb Space Telescope,en,https://en.wikipedia.org/wiki/Future_Trends_in_James_Webb_Space_Telescope,"An encyclopedic inquiry into premier infrared space observatory mission. Comprehensive survey covering definitions, historical development, and research implications.",1569,6,12,False,0,"['Science & Technology', 'Articles on Science', 'Open Source Tech Envoy Corpus']","['Game Theory', 'Baroque Architecture', 'Quantum Computing', 'Ancient Alexandria', 'Great Barrier Reef', 'General Relativity', 'Nanotechnology', 'Lake Baikal', 'Thermodynamics']",False,7.65,65.27,C Class
100479,Principles of Baroque Architecture,en,https://en.wikipedia.org/wiki/Principles_of_Baroque_Architecture,"An encyclopedic inquiry into highly decorative and theatrical style of building in europe. Comprehensive survey covering definitions, historical development, and research implications.",2356,11,18,True,15,"['Literature & Arts', 'Articles on Literature', 'Open Source Tech Envoy Corpus']","['Artificial Intelligence', 'Game Theory', 'Superconductivity', 'Postmodern Literature', 'Higgs Boson']",False,7.64,90.99,B Class
100480,Introduction to Harappan Civilization,en,https://en.wikipedia.org/wiki/Introduction_to_Harappan_Civilization,"An encyclopedic inquiry into bronze age civilization in the northwestern regions of south asia. Comprehensive survey covering definitions, historical development, and research implications.",2209,9,18,True,14,"['History & Civilizations', 'Articles on History', 'Open Source Tech Envoy Corpus']","['Byzantine Empire', 'Great Barrier Reef', 'Higgs Boson', 'Constitutional Law', 'Mount Everest', 'CRISPR Gene Editing', 'Meiji Restoration', 'General Relativity']",False,8.15,91.42,B Class
100481,Advanced Epistemology,en,https://en.wikipedia.org/wiki/Advanced_Epistemology,"An encyclopedic inquiry into branch of philosophy concerned with nature and scope of knowledge. Comprehensive survey covering definitions, historical development, and research implications.",1655,6,22,True,8,"['Social Sciences & Philosophy', 'Articles on Social Sciences', 'Open Source Tech Envoy Corpus']","['Kabuki Theatre', 'Impressionism', 'Graphene', 'Dark Matter', 'Antarctic Ice Sheet', 'Public Health']",False,13.29,95.07,B Class
100482,Critique of Graphene (Vol. 3),en,https://en.wikipedia.org/wiki/Critique_of_Graphene_(Vol._3),"An encyclopedic inquiry into two-dimensional carbon allotrope with exceptional tensile strength. Comprehensive survey covering definitions, historical development, and research implications.",1199,6,11,False,0,"['Science & Technology', 'Articles on Science']","['Ring of Fire', 'Game Theory', 'Universal Declaration of Human Rights', 'Galapagos Islands', 'Microbiome']",True,9.17,62.2,C Class
100483,Principles of Artificial Intelligence,en,https://en.wikipedia.org/wiki/Principles_of_Artificial_Intelligence,"An encyclopedic inquiry into study of intelligent agents and machine cognition. Comprehensive survey covering definitions, historical development, and research implications.",2288,7,2,True,12,"['Science & Technology', 'Articles on Science']","['Space Race', 'Classical Music', 'Renaissance Humanism', 'Mount Everest', 'Existentialism', 'CRISPR Gene Editing']",True,0.87,67.75,Start Class
100484,Global Impact of Mariana Trench,en,https://en.wikipedia.org/wiki/Global_Impact_of_Mariana_Trench,"An encyclopedic inquiry into deepest oceanic trench on earth located in western pacific. Comprehensive survey covering definitions, historical development, and research implications.",232,1,2,False,0,"['Geography & Earth', 'Articles on Geography', 'Open Source Tech Envoy Corpus']","['Silk Road', 'Meiji Restoration', 'Public Health', 'Sociology of Knowledge', 'Photosynthesis', 'Industrial Revolution', 'Surrealism', 'Renaissance Art', 'Ottoman Empire']",True,8.62,42.67,Stub Class
100485,Applications of Renaissance Art (Vol. 6),en,https://en.wikipedia.org/wiki/Applications_of_Renaissance_Art_(Vol._6),"An encyclopedic inquiry into painting, sculpture, and decorative arts of european renaissance. Comprehensive survey covering definitions, historical development, and research implications.",900,4,12,True,6,"['Literature & Arts', 'Articles on Literature']","['Bauhaus Movement', 'Higgs Boson', 'Renaissance Humanism', 'Nile River Basin', 'Artificial Intelligence', 'Classical Music', 'Behavioral Economics', 'Thermodynamics']",False,13.33,78.04,C Class
100486,Principles of Ancient Alexandria,en,https://en.wikipedia.org/wiki/Principles_of_Ancient_Alexandria,"An encyclopedic inquiry into major hellenistic center of commerce and scholarship in egypt. Comprehensive survey covering definitions, historical development, and research implications.",2272,10,20,True,9,"['History & Civilizations', 'Articles on History', 'Open Source Tech Envoy Corpus']","['Baroque Architecture', 'General Relativity', 'James Webb Space Telescope']",False,8.8,93.74,B Class
100487,Philosophy of Film Noir,en,https://en.wikipedia.org/wiki/Philosophy_of_Film_Noir,"An encyclopedic inquiry into cinematic term used primarily to describe stylish hollywood crime dramas. Comprehensive survey covering definitions, historical development, and research implications.",4024,14,40,True,16,"['Literature & Arts', 'Articles on Literature', 'Open Source Tech Envoy Corpus']","['Nanotechnology', 'Space Race', 'Homeric Epics', 'Universal Declaration of Human Rights', 'Surrealism', 'Antarctic Ice Sheet', 'Higgs Boson']",False,9.94,99.91,Good / Featured Article
100488,Future Trends in Sahara Desert (Vol. 9),en,https://en.wikipedia.org/wiki/Future_Trends_in_Sahara_Desert_(Vol._9),"An encyclopedic inquiry into largest hot desert in the world covering north africa. Comprehensive survey covering definitions, historical development, and research implications.",1351,5,1,True,9,"['Geography & Earth', 'Articles on Geography']","['Sahara Desert', 'Silk Road', 'Epistemology', 'Mariana Trench', 'Bauhaus Movement', 'Homeric Epics', 'Renaissance Humanism', 'Industrial Revolution']",True,0.74,64.18,Start Class
100489,Contemporary Space Race,en,https://en.wikipedia.org/wiki/Contemporary_Space_Race,"An encyclopedic inquiry into 20th-century competition between soviet union and united states. Comprehensive survey covering definitions, historical development, and research implications.",1410,8,17,False,0,"['History & Civilizations', 'Articles on History', 'Open Source Tech Envoy Corpus']","['Sociology of Knowledge', 'Industrial Revolution', 'Higgs Boson', 'Amazon Rainforest', 'Thermodynamics']",False,12.06,71.23,C Class
100490,Future Trends in Higgs Boson,en,https://en.wikipedia.org/wiki/Future_Trends_in_Higgs_Boson,"An encyclopedic inquiry into elementary particle in the standard model of particle physics. Comprehensive survey covering definitions, historical development, and research implications.",908,6,11,False,0,"['Science & Technology', 'Articles on Science', 'Open Source Tech Envoy Corpus']","['Galapagos Islands', 'Epistemology', 'Mariana Trench', 'Dark Matter']",False,12.11,65.32,C Class
100491,Foundations of Antarctic Ice Sheet (Vol. 2),en,https://en.wikipedia.org/wiki/Foundations_of_Antarctic_Ice_Sheet_(Vol._2),"An encyclopedic inquiry into single largest mass of ice on earth covering antarctica. Comprehensive survey covering definitions, historical development, and research implications.",2280,8,26,True,10,"['Geography & Earth', 'Articles on Geography', 'Open Source Tech Envoy Corpus']","['Quantum Computing', 'Great Barrier Reef', 'Deep Learning', 'Surrealism', 'Impressionism', 'Artificial Intelligence']",False,11.4,98.56,B Class
100492,Contemporary Bauhaus Movement (Vol. 3),en,https://en.wikipedia.org/wiki/Contemporary_Bauhaus_Movement_(Vol._3),"An encyclopedic inquiry into german art school operational from 1919 to 1933 combining crafts. Comprehensive survey covering definitions, historical development, and research implications.",246,1,0,False,0,"['Literature & Arts', 'Articles on Literature', 'Open Source Tech Envoy Corpus']","['Artificial Intelligence', 'Lake Baikal', 'Film Noir', 'Epistemology', 'Great Barrier Reef', 'Ring of Fire', 'Mariana Trench']",True,0.0,28.85,Stub Class
100493,Critique of Bauhaus Movement,en,https://en.wikipedia.org/wiki/Critique_of_Bauhaus_Movement,"An encyclopedic inquiry into german art school operational from 1919 to 1933 combining crafts. Comprehensive survey covering definitions, historical development, and research implications.",2262,8,16,True,16,"['Literature & Arts', 'Articles on Literature', 'Open Source Tech Envoy Corpus']","['French Revolution', 'Meiji Restoration', 'Classical Music', 'Magna Carta', 'Ottoman Empire', 'James Webb Space Telescope', 'Impressionism']",False,7.07,88.72,B Class
100494,Contemporary Public Health,en,https://en.wikipedia.org/wiki/Contemporary_Public_Health,"An encyclopedic inquiry into science and art of preventing disease and promoting health. Comprehensive survey covering definitions, historical development, and research implications.",3386,13,56,True,16,"['Social Sciences & Philosophy', 'Articles on Social Sciences', 'Open Source Tech Envoy Corpus']","['Universal Declaration of Human Rights', 'Epistemology', 'Ancient Alexandria', 'Surrealism', 'Plate Tectonics', 'Higgs Boson']",False,16.54,100.0,Good / Featured Article
100495,Advanced Bauhaus Movement (Vol. 6),en,https://en.wikipedia.org/wiki/Advanced_Bauhaus_Movement_(Vol._6),"An encyclopedic inquiry into german art school operational from 1919 to 1933 combining crafts. Comprehensive survey covering definitions, historical development, and research implications.",109,1,0,False,0,"['Literature & Arts', 'Articles on Literature']","['Bauhaus Movement', 'French Revolution', 'Great Barrier Reef', 'General Relativity', 'Impressionism', 'Amazon Rainforest', 'Game Theory', 'Plate Tectonics']",True,0.0,21.23,Stub Class
100496,Regional Study on Thermodynamics,en,https://en.wikipedia.org/wiki/Regional_Study_on_Thermodynamics,"An encyclopedic inquiry into branch of physics dealing with heat and mechanical energy. Comprehensive survey covering definitions, historical development, and research implications.",492,3,1,False,0,"['Science & Technology', 'Articles on Science']","['Galapagos Islands', 'Existentialism', 'Constitutional Law', 'Amazon Rainforest', 'Quantum Computing', 'CRISPR Gene Editing']",True,2.03,36.8,Start Class
100497,Future Trends in Constitutional Law,en,https://en.wikipedia.org/wiki/Future_Trends_in_Constitutional_Law,"An encyclopedic inquiry into body of law defining the role and powers of different entities. Comprehensive survey covering definitions, historical development, and research implications.",338,3,2,True,5,"['Social Sciences & Philosophy', 'Articles on Social Sciences', 'Open Source Tech Envoy Corpus']","['Classical Music', 'Galapagos Islands', 'Deep Learning', 'Game Theory', 'Renaissance Art', 'Microbiome']",True,5.92,60.85,Start Class
100498,History of Baroque Architecture,en,https://en.wikipedia.org/wiki/History_of_Baroque_Architecture,"An encyclopedic inquiry into highly decorative and theatrical style of building in europe. Comprehensive survey covering definitions, historical development, and research implications.",2455,6,16,True,9,"['Literature & Arts', 'Articles on Literature', 'Open Source Tech Envoy Corpus']","['Nanotechnology', 'Artificial Intelligence', 'Higgs Boson', 'Impressionism', 'James Webb Space Telescope', 'Magna Carta', 'Photosynthesis', 'Sahara Desert']",False,6.52,88.33,B Class
100499,Global Impact of Great Barrier Reef (Vol. 10),en,https://en.wikipedia.org/wiki/Global_Impact_of_Great_Barrier_Reef_(Vol._10),"An encyclopedic inquiry into world's largest coral reef system off queensland, australia. Comprehensive survey covering definitions, historical development, and research implications.",697,3,4,False,0,"['Geography & Earth', 'Articles on Geography']","['Thermodynamics', 'Constitutional Law', 'Plate Tectonics', 'Mariana Trench']",True,5.74,46.0,C Class
